order_id,event_id,ordered_at,tier,qty,unit_price_usd,promo_code,status
ORD-00001,EV-02,2025-06-20 00:01:29,GA,2,32.00,,completed
ORD-00002,EV-02,2025-06-20 00:05:18,GA,2,32.00,ONAIR10,completed
ORD-00003,EV-01,2025-06-20 00:28:44,Balcony,1,52.00,,refunded
ORD-00004,EV-08,2025-06-20 00:33:48,GA,4,45.00,,completed
ORD-00005,EV-01,2025-06-20 01:25:21,GA,2,36.00,FINDUS,completed
ORD-00006,EV-02,2025-06-20 01:32:25,GA,6,32.00,,completed
ORD-00007,EV-03,2025-06-20 02:04:00,Balcony,6,44.00,,completed
ORD-00008,EV-01,2025-06-20 02:39:36,Balcony,2,52.00,,completed
ORD-00009,EV-03,2025-06-20 02:51:33,Balcony,2,44.00,ONAIR10,completed
ORD-00010,EV-07,2025-06-20 03:41:25,VIP,2,72.00,,completed
ORD-00011,EV-05,2025-06-20 03:53:11,GA,3,42.00,SUMMER25,completed
ORD-00012,EV-08,2025-06-20 03:58:07,GA,1,45.00,,completed
ORD-00013,EV-07,2025-06-20 04:50:02,GA,1,34.00,ONAIR10,completed
ORD-00014,EV-04,2025-06-20 05:12:05,GA,1,40.00,ONAIR10,completed
ORD-00015,EV-06,2025-06-20 05:51:05,Balcony,2,50.00,ONAIR10,completed
ORD-00016,EV-01,2025-06-20 06:19:29,GA,2,36.00,SUMMER25,completed
ORD-00017,EV-05,2025-06-20 07:03:54,GA,1,42.00,,completed
ORD-00018,EV-02,2025-06-20 07:15:41,GA,2,32.00,,completed
ORD-00019,EV-05,2025-06-20 07:24:11,GA,1,42.00,,completed
ORD-00020,EV-01,2025-06-20 07:38:27,Balcony,1,52.00,,completed
ORD-00021,EV-05,2025-06-20 08:01:00,GA,2,42.00,,completed
ORD-00022,EV-01,2025-06-20 08:06:51,Balcony,1,52.00,,completed
ORD-00023,EV-03,2025-06-20 08:12:21,GA,1,30.00,ONAIR10,completed
ORD-00024,EV-06,2025-06-20 08:15:42,GA,1,38.00,ONAIR10,completed
ORD-00025,EV-02,2025-06-20 08:23:45,Balcony,1,46.00,,completed
ORD-00026,EV-01,2025-06-20 08:24:55,GA,1,36.00,,completed
ORD-00027,EV-01,2025-06-20 08:28:49,GA,1,36.00,,completed
ORD-00028,EV-03,2025-06-20 08:34:11,GA,4,30.00,,completed
ORD-00029,EV-02,2025-06-20 08:38:14,VIP,2,75.00,,refunded
ORD-00030,EV-07,2025-06-20 08:45:56,GA,2,34.00,,completed
ORD-00031,EV-08,2025-06-20 08:47:15,Balcony,2,62.00,ONAIR10,completed
ORD-00032,EV-01,2025-06-20 08:50:25,GA,1,36.00,FINDUS,completed
ORD-00033,EV-07,2025-06-20 09:01:41,VIP,1,72.00,ONAIR10,completed
ORD-00034,EV-02,2025-06-20 09:19:04,Balcony,3,46.00,,completed
ORD-00035,EV-05,2025-06-20 09:25:36,GA,2,42.00,,completed
ORD-00036,EV-08,2025-06-20 09:31:53,Balcony,2,62.00,,refunded
ORD-00037,EV-01,2025-06-20 09:33:13,Balcony,1,52.00,,completed
ORD-00038,EV-06,2025-06-20 09:48:39,GA,2,38.00, VIPNIGHT,completed
ORD-00039,EV-03,2025-06-20 09:49:03,VIP,3,70.00,,completed
ORD-00040,EV-02,2025-06-20 09:50:17,Balcony,1,46.00,,completed
ORD-00041,EV-06,2025-06-20 09:50:47,GA,1,38.00,,completed
ORD-00042,EV-06,2025-06-20 09:52:49,GA,2,38.00,FINDUS,completed
ORD-00043,EV-01,2025-06-20 09:54:50,VIP,2,85.00,ONAIR10,completed
ORD-00044,EV-07,2025-06-20 09:55:12,GA,2,34.00,,completed
ORD-00045,EV-02,2025-06-20 10:04:59,VIP,2,75.00,,completed
ORD-00046,EV-06,2025-06-20 10:06:27,Balcony,1,50.00,,completed
ORD-00047,EV-06,2025-06-20 10:15:10,GA,1,38.00,,completed
ORD-00048,EV-03,2025-06-20 10:16:02,GA,3,30.00,,completed
ORD-00049,EV-08,2025-06-20 10:20:22,Balcony,2,62.00,,refunded
ORD-00050,EV-04,2025-06-20 10:23:17,GA,1,40.00, SUMMER25,completed
ORD-00051,EV-04,2025-06-20 10:26:35,GA,3,40.00,ONAIR10,completed
ORD-00052,EV-02,2025-06-20 10:32:25,GA,1,32.00,STUDENT10,refunded
ORD-00053,EV-06,2025-06-20 10:32:54,Balcony,2,50.00,summer25,completed
ORD-00054,EV-06,2025-06-20 10:33:40,GA,1,38.00,,completed
ORD-00055,EV-05,2025-06-20 10:42:40,Balcony,1,58.00,STUDENT10,completed
ORD-00056,EV-01,2025-06-20 10:48:30,VIP,1,85.00,SUMMER25,completed
ORD-00057,EV-08,2025-06-20 10:53:15,GA,2,45.00,ONAIR10,completed
ORD-00058,EV-04,2025-06-20 10:59:25,GA,3,40.00,SUMMER25,completed
ORD-00059,EV-08,2025-06-20 11:03:40,Balcony,1,62.00,ENCORE,completed
ORD-00060,EV-03,2025-06-20 11:05:27,Balcony,1,44.00,ONAIR10,completed
ORD-00061,EV-07,2025-06-20 11:13:45,GA,1,34.00,STUDENT10,refunded
ORD-00062,EV-08,2025-06-20 11:15:00,GA,3,45.00,,completed
ORD-00063,EV-05,2025-06-20 11:17:46,GA,4,42.00,SUMMER25,completed
ORD-00064,EV-07,2025-06-20 11:21:46,GA,1,34.00,,completed
ORD-00065,EV-04,2025-06-20 11:25:30,GA,2,40.00,,completed
ORD-00066,EV-02,2025-06-20 11:27:50,GA,1,32.00,,refunded
ORD-00067,EV-04,2025-06-20 11:30:09,GA,2,40.00,Summer25,completed
ORD-00068,EV-04,2025-06-20 11:35:23,GA,2,40.00,,completed
ORD-00069,EV-05,2025-06-20 11:46:30,GA,2,42.00,ENCORE,refunded
ORD-00070,EV-05,2025-06-20 11:50:31,GA,2,42.00,,completed
ORD-00071,EV-01,2025-06-20 11:52:25,GA,5,36.00,,completed
ORD-00072,EV-06,2025-06-20 11:53:23,Balcony,6,50.00,ONAIR10,completed
ORD-00073,EV-08,2025-06-20 11:55:18,GA,1,45.00,ENCORE,completed
ORD-00074,EV-01,2025-06-20 11:55:53,GA,5,36.00,,completed
ORD-00075,EV-04,2025-06-20 12:00:48,GA,1,40.00,FINDUS,completed
ORD-00076,EV-04,2025-06-20 12:02:15,GA,2,40.00,,completed
ORD-00077,EV-02,2025-06-20 12:05:28,GA,1,32.00,,completed
ORD-00078,EV-04,2025-06-20 12:10:05,GA,3,40.00,FINDUS,completed
ORD-00079,EV-04,2025-06-20 12:11:14,GA,3,40.00,,completed
ORD-00080,EV-06,2025-06-20 12:11:53,GA,5,38.00,,completed
ORD-00081,EV-01,2025-06-20 12:13:16,Balcony,2,52.00,SUMMER25,completed
ORD-00082,EV-04,2025-06-20 12:30:01,GA,2,40.00,SUMMER25,completed
ORD-00083,EV-03,2025-06-20 12:31:59,GA,4,30.00,ONAIR10,refunded
ORD-00084,EV-02,2025-06-20 12:36:41,GA,1,32.00,,completed
ORD-00085,EV-03,2025-06-20 12:40:01,GA,1,30.00,,completed
ORD-00086,EV-02,2025-06-20 12:40:18,Balcony,2,46.00,STUDENT10,completed
ORD-00087,EV-05,2025-06-20 12:40:39,Balcony,2,58.00,ONAIR10,completed
ORD-00088,EV-05,2025-06-20 12:49:50,GA,2,42.00,FINDUS,completed
ORD-00089,EV-06,2025-06-20 12:51:12,GA,3,38.00,,completed
ORD-00090,EV-07,2025-06-20 12:52:08,Balcony,1,48.00,,completed
ORD-00091,EV-07,2025-06-20 12:53:35,Balcony,2,48.00,ONAIR10,completed
ORD-00092,EV-08,2025-06-20 12:59:00,Balcony,2,62.00,,completed
ORD-00093,EV-05,2025-06-20 12:59:33,Balcony,2,58.00,,completed
ORD-00094,EV-01,2025-06-20 13:04:02,GA,1,36.00,SUMMER25,completed
ORD-00095,EV-04,2025-06-20 13:04:23,GA,1,40.00,,completed
ORD-00096,EV-06,2025-06-20 13:06:00,GA,2,38.00,ONAIR10,completed
ORD-00097,EV-04,2025-06-20 13:07:14,GA,2,40.00,,completed
ORD-00098,EV-03,2025-06-20 13:12:50,GA,4,30.00,,completed
ORD-00099,EV-07,2025-06-20 13:13:50,GA,2,34.00,,completed
ORD-00100,EV-03,2025-06-20 13:15:41,GA,6,30.00,,completed
ORD-00101,EV-01,2025-06-20 13:22:25,GA,3,36.00,SUMMER25,completed
ORD-00102,EV-07,2025-06-20 13:27:10,GA,2,34.00,FINDUS,completed
ORD-00103,EV-04,2025-06-20 13:27:44,GA,4,40.00,,completed
ORD-00104,EV-03,2025-06-20 13:28:37,GA,1,30.00, VIPNIGHT,completed
ORD-00105,EV-01,2025-06-20 13:32:38,VIP,1,85.00,,refunded
ORD-00106,EV-01,2025-06-20 13:33:10,Balcony,2,52.00,,completed
ORD-00107,EV-04,2025-06-20 13:34:15,Balcony,1,56.00,,completed
ORD-00108,EV-07,2025-06-20 13:34:35,GA,1,34.00,,completed
ORD-00109,EV-05,2025-06-20 13:39:39,GA,2,42.00,ONAIR10,completed
ORD-00110,EV-01,2025-06-20 13:44:09,GA,1,36.00,summer25,completed
ORD-00111,EV-01,2025-06-20 13:53:01,GA,5,36.00,ONAIR10,completed
ORD-00112,EV-08,2025-06-20 13:53:51,GA,2,45.00,SUMMER25,completed
ORD-00113,EV-01,2025-06-20 13:57:55,VIP,3,85.00,ONAIR10,completed
ORD-00114,EV-04,2025-06-20 14:05:19,GA,1,40.00,,completed
ORD-00115,EV-04,2025-06-20 14:07:07,GA,1,40.00,,completed
ORD-00116,EV-01,2025-06-20 14:08:40,Balcony,1,52.00,,completed
ORD-00117,EV-07,2025-06-20 14:10:09,GA,2,34.00,,completed
ORD-00118,EV-01,2025-06-20 14:11:38,VIP,2,85.00,,refunded
ORD-00119,EV-04,2025-06-20 14:12:40,GA,1,40.00,,completed
ORD-00120,EV-06,2025-06-20 14:26:27,GA,3,38.00,,completed
ORD-00121,EV-03,2025-06-20 14:26:40,GA,4,30.00,,completed
ORD-00122,EV-06,2025-06-20 14:35:08,GA,1,38.00,ONAIR10,completed
ORD-00123,EV-08,2025-06-20 14:38:33,VIP,4,110.00,STUDENT10,refunded
ORD-00124,EV-02,2025-06-20 14:45:28,GA,2,32.00,,completed
ORD-00125,EV-05,2025-06-20 14:45:38,GA,1,42.00,ONAIR10,completed
ORD-00126,EV-02,2025-06-20 14:50:10,GA,2,32.00,ONAIR10,completed
ORD-00127,EV-08,2025-06-20 14:55:18,GA,5,45.00,,completed
ORD-00128,EV-07,2025-06-20 14:59:13,Balcony,1,48.00,,completed
ORD-00129,EV-01,2025-06-20 15:01:07,GA,3,36.00,,completed
ORD-00130,EV-05,2025-06-20 15:05:21,GA,1,42.00,ONAIR10,completed
ORD-00131,EV-05,2025-06-20 15:09:16,GA,2,42.00,SUMMER25,completed
ORD-00132,EV-05,2025-06-20 15:13:11,GA,5,42.00,,completed
ORD-00133,EV-01,2025-06-20 15:13:21,GA,2,36.00,,completed
ORD-00134,EV-02,2025-06-20 15:30:11,GA,2,32.00,ONAIR10,completed
ORD-00135,EV-01,2025-06-20 15:36:15,GA,3,36.00,,completed
ORD-00136,EV-04,2025-06-20 15:40:40,GA,1,40.00,ONAIR10,completed
ORD-00137,EV-05,2025-06-20 15:51:35,VIP,2,95.00,SUMMER25,completed
ORD-00138,EV-01,2025-06-20 15:51:39,Balcony,2,52.00,,completed
ORD-00139,EV-04,2025-06-20 15:54:44,GA,1,40.00,,completed
ORD-00140,EV-04,2025-06-20 15:58:26,GA,2,40.00,,refunded
ORD-00141,EV-07,2025-06-20 16:06:27,GA,2,34.00,ONAIR10,completed
ORD-00142,EV-05,2025-06-20 16:15:13,GA,2,42.00,,completed
ORD-00143,EV-01,2025-06-20 16:18:24,GA,2,36.00,,completed
ORD-00144,EV-03,2025-06-20 16:19:28,Balcony,2,44.00,,completed
ORD-00145,EV-07,2025-06-20 16:22:22,GA,1,34.00,,completed
ORD-00146,EV-06,2025-06-20 16:24:53,Balcony,1,50.00,SUMMER25,completed
ORD-00147,EV-01,2025-06-20 16:27:09,GA,1,36.00,,completed
ORD-00148,EV-03,2025-06-20 16:28:47,GA,5,30.00,,completed
ORD-00149,EV-04,2025-06-20 16:34:12,GA,1,40.00,,completed
ORD-00150,EV-05,2025-06-20 16:34:47,Balcony,1,58.00,,completed
ORD-00151,EV-01,2025-06-20 16:35:09,VIP,2,85.00,,completed
ORD-00152,EV-05,2025-06-20 16:35:56,GA,1,42.00,,completed
ORD-00153,EV-04,2025-06-20 16:36:25,GA,2,40.00,FINDUS,completed
ORD-00154,EV-05,2025-06-20 16:39:30,GA,2,42.00,FINDUS,completed
ORD-00155,EV-08,2025-06-20 16:47:05,Balcony,2,62.00,ONAIR10,completed
ORD-00156,EV-06,2025-06-20 16:48:14,GA,3,38.00,ONAIR10,completed
ORD-00157,EV-04,2025-06-20 16:49:54,GA,2,40.00,,completed
ORD-00158,EV-02,2025-06-20 16:57:31,GA,1,32.00,STUDENT10,completed
ORD-00159,EV-04,2025-06-20 17:00:21,VIP,2,90.00,ENCORE,completed
ORD-00160,EV-08,2025-06-20 17:00:51,GA,3,45.00,,completed
ORD-00161,EV-05,2025-06-20 17:06:47,GA,3,42.00,,completed
ORD-00162,EV-04,2025-06-20 17:11:52,Balcony,2,56.00,FINDUS,completed
ORD-00163,EV-05,2025-06-20 17:12:13,Balcony,3,58.00,,completed
ORD-00164,EV-05,2025-06-20 17:13:29,Balcony,1,58.00,FINDUS,completed
ORD-00165,EV-03,2025-06-20 17:17:44,GA,4,30.00,ONAIR10,completed
ORD-00166,EV-04,2025-06-20 17:18:02,GA,1,40.00,,completed
ORD-00167,EV-02,2025-06-20 17:18:38,VIP,5,75.00,ONAIR10,completed
ORD-00168,EV-05,2025-06-20 17:19:53,GA,1,42.00,FINDUS,completed
ORD-00169,EV-06,2025-06-20 17:22:34,GA,1,38.00,ONAIR10,completed
ORD-00170,EV-02,2025-06-20 17:23:50,Balcony,1,46.00,Summer25,refunded
ORD-00171,EV-04,2025-06-20 17:28:16,GA,2,40.00,ONAIR10,completed
ORD-00172,EV-02,2025-06-20 17:29:17,Balcony,2,46.00,,completed
ORD-00173,EV-07,2025-06-20 17:36:03,GA,2,34.00,FINDUS,completed
ORD-00174,EV-02,2025-06-20 17:37:16,GA,3,32.00,,refunded
ORD-00175,EV-03,2025-06-20 17:43:20,GA,1,30.00,ONAIR10,completed
ORD-00176,EV-02,2025-06-20 17:45:38,VIP,1,75.00,ONAIR10,completed
ORD-00177,EV-01,2025-06-20 17:46:51,Balcony,2,52.00,SUMMER25,completed
ORD-00178,EV-06,2025-06-20 17:51:39,GA,1,38.00,SUMMER25,completed
ORD-00179,EV-08,2025-06-20 17:53:52,GA,2,45.00,,completed
ORD-00180,EV-05,2025-06-20 17:55:20,GA,1,42.00,SUMMER25,completed
ORD-00181,EV-07,2025-06-20 17:56:23,VIP,2,72.00,VIPNIGHT ,refunded
ORD-00182,EV-02,2025-06-20 17:56:24,GA,2,32.00,,completed
ORD-00183,EV-01,2025-06-20 17:59:50,Balcony,4,52.00,FINDUS,completed
ORD-00184,EV-06,2025-06-20 18:03:25,Balcony,3,50.00,,completed
ORD-00185,EV-04,2025-06-20 18:06:04,Balcony,2,56.00,ONAIR10,completed
ORD-00186,EV-06,2025-06-20 18:07:56,GA,2,38.00,,completed
ORD-00187,EV-05,2025-06-20 18:11:57,GA,2,42.00,SUMMER25,completed
ORD-00188,EV-06,2025-06-20 18:19:36,GA,1,38.00,,completed
ORD-00189,EV-01,2025-06-20 18:19:50,Balcony,2,52.00,,completed
ORD-00190,EV-02,2025-06-20 18:20:35,GA,1,32.00,FINDUS,completed
ORD-00191,EV-06,2025-06-20 18:21:21,VIP,2,80.00,ONAIR10,completed
ORD-00192,EV-05,2025-06-20 18:21:34,GA,2,42.00,ONAIR10,completed
ORD-00193,EV-08,2025-06-20 18:22:03,GA,2,45.00,SUMMER25,completed
ORD-00194,EV-04,2025-06-20 18:24:16,VIP,1,90.00,,completed
ORD-00195,EV-03,2025-06-20 18:26:10,GA,2,30.00,FINDUS,completed
ORD-00196,EV-06,2025-06-20 18:28:22,GA,2,38.00,,completed
ORD-00197,EV-05,2025-06-20 18:30:16,VIP,2,95.00,SUMMER25,completed
ORD-00198,EV-07,2025-06-20 18:32:24,GA,1,34.00,FINDUS,completed
ORD-00199,EV-01,2025-06-20 18:33:40,VIP,2,85.00,,completed
ORD-00200,EV-02,2025-06-20 18:35:04,GA,2,32.00,,completed
ORD-00201,EV-08,2025-06-20 18:37:21,VIP,2,110.00,STUDENT10,completed
ORD-00202,EV-08,2025-06-20 18:37:51,Balcony,2,62.00,,completed
ORD-00203,EV-01,2025-06-20 18:38:04,Balcony,5,52.00,summer25,completed
ORD-00204,EV-02,2025-06-20 18:39:20,GA,3,32.00,,completed
ORD-00205,EV-07,2025-06-20 18:41:58,VIP,4,72.00,STUDENT10,completed
ORD-00206,EV-08,2025-06-20 18:48:54,Balcony,2,62.00,,completed
ORD-00207,EV-07,2025-06-20 18:51:06,GA,2,34.00,,completed
ORD-00208,EV-02,2025-06-20 18:54:10,GA,2,32.00,,completed
ORD-00209,EV-04,2025-06-20 18:55:32,Balcony,2,56.00,ONAIR10,completed
ORD-00210,EV-08,2025-06-20 18:58:08,Balcony,2,62.00,,completed
ORD-00211,EV-07,2025-06-20 19:00:08,GA,1,34.00,FINDUS,completed
ORD-00212,EV-06,2025-06-20 19:00:42,GA,1,38.00,SUMMER25,completed
ORD-00213,EV-04,2025-06-20 19:00:50,GA,1,40.00,,completed
ORD-00214,EV-06,2025-06-20 19:01:42,GA,2,38.00,SUMMER25,completed
ORD-00215,EV-08,2025-06-20 19:04:22,GA,4,45.00,ONAIR10,completed
ORD-00216,EV-03,2025-06-20 19:04:35,GA,2,30.00,ONAIR10,completed
ORD-00217,EV-04,2025-06-20 19:04:37,GA,1,40.00,ONAIR10,completed
ORD-00218,EV-04,2025-06-20 19:04:52,GA,2,40.00,FINDUS,completed
ORD-00219,EV-05,2025-06-20 19:05:33,GA,1,42.00,Summer25,completed
ORD-00220,EV-02,2025-06-20 19:05:53,GA,3,32.00,ONAIR10,completed
ORD-00221,EV-05,2025-06-20 19:06:38,GA,2,42.00,,completed
ORD-00222,EV-08,2025-06-20 19:07:00,GA,2,45.00,,completed
ORD-00223,EV-06,2025-06-20 19:07:55,GA,1,38.00,,completed
ORD-00224,EV-03,2025-06-20 19:08:53,Balcony,3,44.00,Summer25,completed
ORD-00225,EV-02,2025-06-20 19:09:46,GA,4,32.00,,completed
ORD-00226,EV-07,2025-06-20 19:11:09,Balcony,1,48.00,SUMMER25,completed
ORD-00227,EV-04,2025-06-20 19:12:54,GA,5,40.00,SUMMER25,completed
ORD-00228,EV-05,2025-06-20 19:13:45,Balcony,3,58.00,,completed
ORD-00229,EV-07,2025-06-20 19:14:38,GA,3,34.00,SUMMER25,refunded
ORD-00230,EV-03,2025-06-20 19:17:26,VIP,2,70.00,ONAIR10,completed
ORD-00231,EV-01,2025-06-20 19:19:05,GA,2,36.00,,completed
ORD-00232,EV-08,2025-06-20 19:20:22,GA,2,45.00,,completed
ORD-00233,EV-05,2025-06-20 19:20:37,Balcony,5,58.00,ONAIR10,completed
ORD-00234,EV-07,2025-06-20 19:21:30,GA,1,34.00,,completed
ORD-00235,EV-05,2025-06-20 19:21:55,Balcony,5,58.00,,completed
ORD-00236,EV-08,2025-06-20 19:24:36,GA,2,45.00,SUMMER25,completed
ORD-00237,EV-04,2025-06-20 19:25:15,VIP,2,90.00,SUMMER25,completed
ORD-00238,EV-05,2025-06-20 19:25:58,GA,2,42.00,SUMMER25,completed
ORD-00239,EV-05,2025-06-20 19:32:48,GA,1,42.00,,completed
ORD-00240,EV-08,2025-06-20 19:33:08,GA,3,45.00,ONAIR10,refunded
ORD-00241,EV-08,2025-06-20 19:35:27,GA,1,45.00,,completed
ORD-00242,EV-04,2025-06-20 19:36:30,GA,2,40.00,FINDUS,completed
ORD-00243,EV-02,2025-06-20 19:37:39,GA,2,32.00,ONAIR10,completed
ORD-00244,EV-04,2025-06-20 19:37:44,GA,2,40.00,ONAIR10,completed
ORD-00245,EV-02,2025-06-20 19:37:48,GA,3,32.00,,completed
ORD-00246,EV-07,2025-06-20 19:38:37,Balcony,3,48.00,SUMMER25,completed
ORD-00247,EV-07,2025-06-20 19:38:38,Balcony,1,48.00,ONAIR10,completed
ORD-00248,EV-04,2025-06-20 19:38:48,Balcony,1,56.00,ONAIR10,completed
ORD-00249,EV-07,2025-06-20 19:39:18,GA,3,34.00,,completed
ORD-00250,EV-05,2025-06-20 19:40:00,VIP,3,95.00,FINDUS,completed
ORD-00251,EV-04,2025-06-20 19:40:29,GA,2,40.00,,completed
ORD-00252,EV-06,2025-06-20 19:42:42,Balcony,2,50.00,,completed
ORD-00253,EV-08,2025-06-20 19:43:06,GA,2,45.00,FINDUS,completed
ORD-00254,EV-05,2025-06-20 19:48:02,GA,2,42.00,STUDENT10,completed
ORD-00255,EV-08,2025-06-20 19:50:34,GA,4,45.00,ONAIR10,completed
ORD-00256,EV-07,2025-06-20 19:51:25,GA,1,34.00,SUMMER25,completed
ORD-00257,EV-07,2025-06-20 19:51:37,GA,4,34.00,SUMMER25,completed
ORD-00258,EV-02,2025-06-20 19:52:07,GA,1,32.00,,completed
ORD-00259,EV-02,2025-06-20 19:53:24,Balcony,1,46.00,vipnight,completed
ORD-00260,EV-08,2025-06-20 19:53:37,VIP,2,110.00,,completed
ORD-00261,EV-04,2025-06-20 19:53:50,Balcony,1,56.00,,completed
ORD-00262,EV-07,2025-06-20 19:56:22,GA,2,34.00,,completed
ORD-00263,EV-04,2025-06-20 19:57:23,GA,2,40.00,SUMMER25,completed
ORD-00264,EV-01,2025-06-20 19:58:24,GA,1,36.00,,completed
ORD-00265,EV-06,2025-06-20 19:58:27,GA,2,38.00,ONAIR10,completed
ORD-00266,EV-06,2025-06-20 19:58:57,Balcony,1,50.00,ONAIR10,completed
ORD-00267,EV-05,2025-06-20 20:00:23,GA,1,42.00,ONAIR10,completed
ORD-00268,EV-01,2025-06-20 20:03:47,GA,1,36.00,SUMMER25,refunded
ORD-00269,EV-08,2025-06-20 20:03:49,GA,2,45.00,ONAIR10,completed
ORD-00270,EV-08,2025-06-20 20:07:36,Balcony,6,62.00,,completed
ORD-00271,EV-08,2025-06-20 20:09:58,GA,1,45.00,ENCORE,completed
ORD-00272,EV-07,2025-06-20 20:10:43,Balcony,1,48.00,FINDUS,completed
ORD-00273,EV-01,2025-06-20 20:11:08,VIP,3,85.00,ONAIR10,completed
ORD-00274,EV-08,2025-06-20 20:11:59,Balcony,1,62.00,SUMMER25,completed
ORD-00275,EV-04,2025-06-20 20:13:28,GA,2,40.00,SUMMER25,completed
ORD-00276,EV-08,2025-06-20 20:14:41,GA,2,45.00,,completed
ORD-00277,EV-04,2025-06-20 20:15:10,GA,1,40.00,ENCORE,completed
ORD-00278,EV-03,2025-06-20 20:15:25,Balcony,1,44.00,ONAIR10,completed
ORD-00279,EV-05,2025-06-20 20:16:17,GA,1,42.00,ONAIR10,completed
ORD-00280,EV-04,2025-06-20 20:18:28,GA,3,40.00,,completed
ORD-00281,EV-01,2025-06-20 20:24:55,Balcony,3,52.00,ONAIR10,completed
ORD-00282,EV-03,2025-06-20 20:25:09,GA,2,30.00,,completed
ORD-00283,EV-08,2025-06-20 20:26:04,GA,2,45.00,SUMMER25,completed
ORD-00284,EV-08,2025-06-20 20:26:26,Balcony,4,62.00,,completed
ORD-00285,EV-01,2025-06-20 20:26:32,GA,1,36.00,SUMMER25,completed
ORD-00286,EV-07,2025-06-20 20:27:23,GA,2,34.00,SUMMER25,completed
ORD-00287,EV-07,2025-06-20 20:27:27,GA,2,34.00,SUMMER25,completed
ORD-00288,EV-02,2025-06-20 20:30:13,Balcony,2,46.00,ONAIR10,completed
ORD-00289,EV-05,2025-06-20 20:31:15,Balcony,1,58.00,,completed
ORD-00290,EV-02,2025-06-20 20:31:21,GA,1,32.00,,completed
ORD-00291,EV-03,2025-06-20 20:32:38,GA,4,30.00,ONAIR10,completed
ORD-00292,EV-05,2025-06-20 20:33:20,Balcony,4,58.00,FINDUS,completed
ORD-00293,EV-01,2025-06-20 20:36:33,GA,2,36.00,SUMMER25,refunded
ORD-00294,EV-08,2025-06-20 20:37:16,GA,4,45.00,SUMMER25,refunded
ORD-00295,EV-02,2025-06-20 20:38:59,GA,5,32.00,,completed
ORD-00296,EV-06,2025-06-20 20:39:27,VIP,4,80.00,FINDUS,completed
ORD-00297,EV-02,2025-06-20 20:40:00,GA,2,32.00,,completed
ORD-00298,EV-02,2025-06-20 20:42:16,VIP,2,75.00,SUMMER25,completed
ORD-00299,EV-06,2025-06-20 20:42:51,GA,1,38.00,ONAIR10,completed
ORD-00300,EV-07,2025-06-20 20:42:57,GA,1,34.00,SUMMER25,completed
ORD-00301,EV-06,2025-06-20 20:43:05,GA,3,38.00,,completed
ORD-00302,EV-04,2025-06-20 20:43:17,GA,2,40.00,,completed
ORD-00303,EV-04,2025-06-20 20:43:35,GA,2,40.00,,completed
ORD-00304,EV-06,2025-06-20 20:44:29,GA,1,38.00,ONAIR10,completed
ORD-00305,EV-04,2025-06-20 20:45:21,GA,1,40.00,,completed
ORD-00306,EV-04,2025-06-20 20:45:28,Balcony,2,56.00,,completed
ORD-00307,EV-05,2025-06-20 20:46:59,GA,1,42.00,,completed
ORD-00308,EV-05,2025-06-20 20:48:35,GA,2,42.00,,completed
ORD-00309,EV-07,2025-06-20 20:48:54,GA,1,34.00, ONAIR10,completed
ORD-00310,EV-01,2025-06-20 20:49:08,VIP,1,85.00,,completed
ORD-00311,EV-04,2025-06-20 20:49:12,GA,1,40.00,,completed
ORD-00312,EV-03,2025-06-20 20:49:31,GA,2,30.00,ONAIR10,completed
ORD-00313,EV-01,2025-06-20 20:49:52,GA,2,36.00,ONAIR10,completed
ORD-00314,EV-06,2025-06-20 20:50:04,GA,6,38.00,,completed
ORD-00315,EV-05,2025-06-20 20:51:23,GA,2,42.00,summer25,completed
ORD-00316,EV-02,2025-06-20 20:52:06,GA,2,32.00,STUDENT10,completed
ORD-00317,EV-05,2025-06-20 20:54:02,VIP,1,95.00, VIPNIGHT,completed
ORD-00318,EV-08,2025-06-20 20:56:20,GA,4,45.00,,completed
ORD-00319,EV-08,2025-06-20 20:56:41,GA,2,45.00,ONAIR10,completed
ORD-00320,EV-02,2025-06-20 20:57:33,GA,2,32.00, SUMMER25,completed
ORD-00321,EV-04,2025-06-20 20:59:07,GA,2,40.00,,completed
ORD-00322,EV-02,2025-06-20 21:00:02,GA,1,32.00,,completed
ORD-00323,EV-03,2025-06-20 21:02:25,GA,6,30.00,,completed
ORD-00324,EV-08,2025-06-20 21:03:36,Balcony,1,62.00,,completed
ORD-00325,EV-02,2025-06-20 21:04:19,GA,2,32.00,Summer25,completed
ORD-00326,EV-08,2025-06-20 21:04:30,Balcony,6,62.00,ONAIR10,completed
ORD-00327,EV-01,2025-06-20 21:06:33,GA,5,36.00,SUMMER25,completed
ORD-00328,EV-07,2025-06-20 21:06:48,VIP,1,72.00,,completed
ORD-00329,EV-06,2025-06-20 21:07:35,Balcony,6,50.00,,completed
ORD-00330,EV-02,2025-06-20 21:08:32,GA,1,32.00,FINDUS,completed
ORD-00331,EV-06,2025-06-20 21:12:06,GA,1,38.00,,completed
ORD-00332,EV-05,2025-06-20 21:12:08,GA,4,42.00,,completed
ORD-00333,EV-08,2025-06-20 21:13:21,GA,1,45.00,,completed
ORD-00334,EV-04,2025-06-20 21:13:37,GA,1,40.00,ONAIR10,completed
ORD-00335,EV-04,2025-06-20 21:13:39,Balcony,3,56.00,,completed
ORD-00336,EV-02,2025-06-20 21:13:48,VIP,2,75.00,ONAIR10,refunded
ORD-00337,EV-07,2025-06-20 21:14:18,VIP,1,72.00,,completed
ORD-00338,EV-06,2025-06-20 21:16:48,Balcony,4,50.00,,completed
ORD-00339,EV-05,2025-06-20 21:16:58,Balcony,1,58.00,ONAIR10,completed
ORD-00340,EV-03,2025-06-20 21:17:37,VIP,1,70.00,,completed
ORD-00341,EV-06,2025-06-20 21:18:47,GA,4,38.00,,completed
ORD-00342,EV-01,2025-06-20 21:20:46,GA,2,36.00,,completed
ORD-00343,EV-08,2025-06-20 21:21:19,GA,2,45.00,,completed
ORD-00344,EV-03,2025-06-20 21:22:43,GA,1,30.00,SUMMER25,completed
ORD-00345,EV-08,2025-06-20 21:23:19,GA,1,45.00,,completed
ORD-00346,EV-05,2025-06-20 21:24:35,GA,1,42.00,,completed
ORD-00347,EV-02,2025-06-20 21:26:48,VIP,4,75.00,STUDENT10,completed
ORD-00348,EV-07,2025-06-20 21:27:11,Balcony,3,48.00,SUMMER25,completed
ORD-00349,EV-03,2025-06-20 21:27:26,Balcony,2,44.00,,completed
ORD-00350,EV-01,2025-06-20 21:28:11,GA,4,36.00,ONAIR10,completed
ORD-00351,EV-05,2025-06-20 21:28:36,VIP,3,95.00,,completed
ORD-00352,EV-05,2025-06-20 21:29:23,Balcony,2,58.00,,completed
ORD-00353,EV-02,2025-06-20 21:29:33,GA,3,32.00,,completed
ORD-00354,EV-05,2025-06-20 21:31:08,VIP,1,95.00,,completed
ORD-00355,EV-05,2025-06-20 21:31:37,Balcony,5,58.00,,completed
ORD-00356,EV-05,2025-06-20 21:32:20,GA,1,42.00,SUMMER25,completed
ORD-00357,EV-06,2025-06-20 21:34:12,GA,1,38.00,,completed
ORD-00358,EV-05,2025-06-20 21:36:23,GA,1,42.00,ONAIR10,completed
ORD-00359,EV-01,2025-06-20 21:38:16,VIP,1,85.00,,completed
ORD-00360,EV-03,2025-06-20 21:39:57,Balcony,1,44.00,ONAIR10,completed
ORD-00361,EV-02,2025-06-20 21:40:31,GA,2,32.00,ONAIR10,completed
ORD-00362,EV-05,2025-06-20 21:40:48,GA,1,42.00,ONAIR10,completed
ORD-00363,EV-08,2025-06-20 21:41:11,VIP,1,110.00,ONAIR10,completed
ORD-00364,EV-06,2025-06-20 21:41:33,GA,6,38.00,,completed
ORD-00365,EV-07,2025-06-20 21:42:25,GA,2,34.00,,completed
ORD-00366,EV-04,2025-06-20 21:42:28,Balcony,2,56.00,,completed
ORD-00367,EV-08,2025-06-20 21:46:01,GA,1,45.00,,completed
ORD-00368,EV-07,2025-06-20 21:47:50,GA,5,34.00,,completed
ORD-00369,EV-04,2025-06-20 21:48:43,GA,2,40.00,SUMMER25,completed
ORD-00370,EV-01,2025-06-20 21:49:39,Balcony,1,52.00,,refunded
ORD-00371,EV-01,2025-06-20 21:50:21,GA,1,36.00,,completed
ORD-00372,EV-07,2025-06-20 21:52:14,GA,1,34.00,,completed
ORD-00373,EV-06,2025-06-20 21:53:23,GA,1,38.00,FINDUS,completed
ORD-00374,EV-04,2025-06-20 21:55:08,GA,3,40.00,,completed
ORD-00375,EV-06,2025-06-20 21:57:22,VIP,3,80.00,ONAIR10,completed
ORD-00376,EV-06,2025-06-20 21:57:58,GA,2,38.00,SUMMER25,completed
ORD-00377,EV-08,2025-06-20 21:58:11,GA,1,45.00,,completed
ORD-00378,EV-02,2025-06-20 21:58:16,GA,1,32.00,,refunded
ORD-00379,EV-03,2025-06-20 21:59:01,Balcony,1,44.00,ONAIR10,completed
ORD-00380,EV-07,2025-06-20 21:59:17,VIP,2,72.00,FINDUS,completed
ORD-00381,EV-07,2025-06-20 21:59:45,GA,1,34.00,SUMMER25,completed
ORD-00382,EV-07,2025-06-20 21:59:48,GA,1,34.00,,completed
ORD-00383,EV-02,2025-06-20 22:00:19,GA,1,32.00,ONAIR10 ,completed
ORD-00384,EV-07,2025-06-20 22:00:29,GA,1,34.00,,completed
ORD-00385,EV-04,2025-06-20 22:04:13,GA,2,40.00,,completed
ORD-00386,EV-01,2025-06-20 22:05:15,VIP,2,85.00,,completed
ORD-00387,EV-07,2025-06-20 22:05:36,VIP,1,72.00,ONAIR10,completed
ORD-00388,EV-06,2025-06-20 22:05:39,GA,2,38.00,,completed
ORD-00389,EV-06,2025-06-20 22:05:50,GA,2,38.00,ENCORE,completed
ORD-00390,EV-06,2025-06-20 22:06:15,GA,1,38.00,,completed
ORD-00391,EV-05,2025-06-20 22:09:49,GA,1,42.00,summer25,completed
ORD-00392,EV-06,2025-06-20 22:15:41,GA,2,38.00,,completed
ORD-00393,EV-05,2025-06-20 22:16:14,GA,3,42.00,,completed
ORD-00394,EV-07,2025-06-20 22:16:19,Balcony,5,48.00,SUMMER25,completed
ORD-00395,EV-04,2025-06-20 22:16:24,Balcony,1,56.00,,completed
ORD-00396,EV-08,2025-06-20 22:17:48,GA,2,45.00,,completed
ORD-00397,EV-07,2025-06-20 22:18:11,GA,3,34.00,,completed
ORD-00398,EV-05,2025-06-20 22:22:12,VIP,4,95.00,,completed
ORD-00399,EV-04,2025-06-20 22:23:54,GA,2,40.00,,completed
ORD-00400,EV-05,2025-06-20 22:24:23,Balcony,1,58.00,ONAIR10,completed
ORD-00401,EV-06,2025-06-20 22:25:36,Balcony,3,50.00,ONAIR10,completed
ORD-00402,EV-05,2025-06-20 22:26:10,GA,4,42.00,,refunded
ORD-00403,EV-01,2025-06-20 22:29:44,Balcony,1,52.00,Summer25,completed
ORD-00404,EV-05,2025-06-20 22:29:59,VIP,2,95.00,STUDENT10,completed
ORD-00405,EV-04,2025-06-20 22:30:20,Balcony,1,56.00,,completed
ORD-00406,EV-03,2025-06-20 22:31:02,GA,1,30.00,,completed
ORD-00407,EV-07,2025-06-20 22:32:53,Balcony,2,48.00,,completed
ORD-00408,EV-07,2025-06-20 22:33:54,GA,2,34.00,ONAIR10,completed
ORD-00409,EV-07,2025-06-20 22:36:09,GA,2,34.00,,completed
ORD-00410,EV-05,2025-06-20 22:36:22,GA,1,42.00,,refunded
ORD-00411,EV-08,2025-06-20 22:40:10,GA,1,45.00,,completed
ORD-00412,EV-02,2025-06-20 22:41:05,Balcony,2,46.00,,completed
ORD-00413,EV-05,2025-06-20 22:42:04,GA,2,42.00,ONAIR10,completed
ORD-00414,EV-04,2025-06-20 22:43:38,VIP,2,90.00,,completed
ORD-00415,EV-03,2025-06-20 22:45:41,GA,4,30.00,SUMMER25,completed
ORD-00416,EV-08,2025-06-20 22:46:02,Balcony,2,62.00,,refunded
ORD-00417,EV-01,2025-06-20 22:47:31,GA,4,36.00,,completed
ORD-00418,EV-03,2025-06-20 22:47:44,Balcony,1,44.00,,refunded
ORD-00419,EV-02,2025-06-20 22:49:34,Balcony,1,46.00,,completed
ORD-00420,EV-07,2025-06-20 22:50:23,GA,6,34.00,FINDUS,completed
ORD-00421,EV-04,2025-06-20 22:50:34,GA,2,40.00, SUMMER25,completed
ORD-00422,EV-07,2025-06-20 22:51:05,GA,2,34.00,,completed
ORD-00423,EV-06,2025-06-20 22:51:44,GA,2,38.00,STUDENT10,completed
ORD-00424,EV-03,2025-06-20 22:52:49,Balcony,3,44.00,Vipnight,completed
ORD-00425,EV-08,2025-06-20 22:57:21,Balcony,1,62.00,,completed
ORD-00426,EV-01,2025-06-20 22:59:30,GA,2,36.00,ONAIR10,completed
ORD-00427,EV-07,2025-06-20 23:02:32,VIP,2,72.00,,completed
ORD-00428,EV-07,2025-06-20 23:07:33,VIP,3,72.00,,completed
ORD-00429,EV-03,2025-06-20 23:09:38,GA,1,30.00,ONAIR10,completed
ORD-00430,EV-03,2025-06-20 23:25:12,GA,3,30.00,,completed
ORD-00431,EV-05,2025-06-20 23:40:51,GA,1,42.00,SUMMER25,completed
ORD-00432,EV-05,2025-06-20 23:50:32,VIP,1,95.00,SUMMER25,completed
ORD-00433,EV-01,2025-06-20 23:58:33,GA,1,36.00,,completed
ORD-00434,EV-08,2025-06-20 23:59:39,Balcony,2,62.00,,completed
ORD-00435,EV-04,2025-06-21 00:40:36,Balcony,1,56.00,,completed
ORD-00436,EV-02,2025-06-21 01:43:21,Balcony,1,46.00,,completed
ORD-00437,EV-06,2025-06-21 01:54:32,GA,5,38.00,ONAIR10,completed
ORD-00438,EV-08,2025-06-21 02:41:57,GA,1,45.00,,completed
ORD-00439,EV-06,2025-06-21 04:27:49,GA,2,38.00, SUMMER25,completed
ORD-00440,EV-04,2025-06-21 04:42:55,GA,3,40.00,,completed
ORD-00441,EV-08,2025-06-21 05:58:32,VIP,2,110.00,,completed
ORD-00442,EV-06,2025-06-21 06:28:11,GA,1,38.00,ONAIR10,completed
ORD-00443,EV-04,2025-06-21 06:28:14,GA,2,40.00,,completed
ORD-00444,EV-06,2025-06-21 06:36:26,GA,1,38.00,,completed
ORD-00445,EV-05,2025-06-21 06:38:41,GA,1,42.00,,completed
ORD-00446,EV-05,2025-06-21 07:26:45,GA,3,42.00,SUMMER25,completed
ORD-00447,EV-02,2025-06-21 07:27:44,GA,5,32.00,ONAIR10,completed
ORD-00448,EV-01,2025-06-21 08:01:37,GA,4,36.00,SUMMER25 ,completed
ORD-00449,EV-03,2025-06-21 08:11:02,VIP,2,70.00,ONAIR10,completed
ORD-00450,EV-04,2025-06-21 08:18:38,GA,2,40.00,,completed
ORD-00451,EV-01,2025-06-21 08:22:34,GA,1,36.00,,completed
ORD-00452,EV-03,2025-06-21 08:26:38,VIP,1,70.00,,completed
ORD-00453,EV-01,2025-06-21 08:26:40,GA,1,36.00,SUMMER25,completed
ORD-00454,EV-08,2025-06-21 08:36:47,GA,2,45.00,,completed
ORD-00455,EV-01,2025-06-21 08:37:56,GA,2,36.00,PRESSPLAY,refunded
ORD-00456,EV-03,2025-06-21 08:57:41,Balcony,2,44.00,ONAIR10,completed
ORD-00457,EV-04,2025-06-21 09:01:27,Balcony,3,56.00,,completed
ORD-00458,EV-06,2025-06-21 09:03:36,GA,1,38.00,,completed
ORD-00459,EV-06,2025-06-21 09:07:24,VIP,2,80.00,,completed
ORD-00460,EV-02,2025-06-21 09:12:20,GA,2,32.00,onair10,completed
ORD-00461,EV-01,2025-06-21 09:35:38,Balcony,1,52.00,STUDENT10,completed
ORD-00462,EV-01,2025-06-21 09:43:53,GA,2,36.00,,completed
ORD-00463,EV-08,2025-06-21 09:52:27,GA,1,45.00,,completed
ORD-00464,EV-08,2025-06-21 09:56:46,GA,2,45.00,SUMMER25,completed
ORD-00465,EV-04,2025-06-21 09:58:21,GA,2,40.00,,completed
ORD-00466,EV-04,2025-06-21 09:58:24,GA,2,40.00,,completed
ORD-00467,EV-01,2025-06-21 10:02:28,Balcony,4,52.00,PRESSPLAY,completed
ORD-00468,EV-01,2025-06-21 10:17:29,GA,1,36.00,,completed
ORD-00469,EV-03,2025-06-21 10:20:07,GA,2,30.00,SUMMER25,completed
ORD-00470,EV-07,2025-06-21 10:23:39,GA,2,34.00,SUMMER25,completed
ORD-00471,EV-01,2025-06-21 10:23:43,GA,1,36.00,SUMMER25,completed
ORD-00472,EV-01,2025-06-21 10:32:13,VIP,1,85.00,ONAIR10,completed
ORD-00473,EV-01,2025-06-21 10:34:48,GA,1,36.00,,completed
ORD-00474,EV-02,2025-06-21 10:37:10,GA,2,32.00,Findus,completed
ORD-00475,EV-06,2025-06-21 10:44:00,GA,1,38.00,,completed
ORD-00476,EV-05,2025-06-21 10:44:25,Balcony,1,58.00,STUDENT10,completed
ORD-00477,EV-04,2025-06-21 10:52:02,VIP,2,90.00,SUMMER25,completed
ORD-00478,EV-06,2025-06-21 10:55:42,GA,1,38.00,,completed
ORD-00479,EV-06,2025-06-21 11:04:09,Balcony,2,50.00,ONAIR10,refunded
ORD-00480,EV-01,2025-06-21 11:10:27,GA,1,36.00,Onair10,completed
ORD-00481,EV-04,2025-06-21 11:14:06,GA,2,40.00,SUMMER25,completed
ORD-00482,EV-01,2025-06-21 11:27:50,GA,1,36.00,,completed
ORD-00483,EV-05,2025-06-21 11:38:49,Balcony,1,58.00,,completed
ORD-00484,EV-05,2025-06-21 11:41:15,Balcony,4,58.00,FINDUS,completed
ORD-00485,EV-01,2025-06-21 11:58:52,Balcony,2,52.00,Summer25,completed
ORD-00486,EV-02,2025-06-21 12:03:06,Balcony,1,46.00,,completed
ORD-00487,EV-01,2025-06-21 12:08:48,GA,2,36.00,,completed
ORD-00488,EV-07,2025-06-21 12:08:59,GA,1,34.00,STUDENT10,completed
ORD-00489,EV-04,2025-06-21 12:10:27,GA,1,40.00,,completed
ORD-00490,EV-04,2025-06-21 12:17:33,GA,4,40.00,,completed
ORD-00491,EV-03,2025-06-21 12:18:10,GA,2,30.00,SUMMER25,completed
ORD-00492,EV-08,2025-06-21 12:18:54,GA,1,45.00,ONAIR10,completed
ORD-00493,EV-08,2025-06-21 12:28:49,GA,3,45.00,,completed
ORD-00494,EV-07,2025-06-21 12:36:49,Balcony,1,48.00,SUMMER25,completed
ORD-00495,EV-01,2025-06-21 12:36:56,GA,1,36.00,,completed
ORD-00496,EV-05,2025-06-21 12:42:34,GA,1,42.00,,completed
ORD-00497,EV-03,2025-06-21 12:44:02,GA,1,30.00,,refunded
ORD-00498,EV-05,2025-06-21 12:46:37,GA,2,42.00,,completed
ORD-00499,EV-04,2025-06-21 12:49:05,GA,5,40.00,,completed
ORD-00500,EV-04,2025-06-21 12:55:11,GA,4,40.00,,refunded
ORD-00501,EV-06,2025-06-21 12:55:17,GA,2,38.00,,completed
ORD-00502,EV-08,2025-06-21 13:01:49,Balcony,1,62.00,,completed
ORD-00503,EV-07,2025-06-21 13:12:02,GA,1,34.00,ONAIR10,refunded
ORD-00504,EV-07,2025-06-21 13:12:52,VIP,2,72.00,,completed
ORD-00505,EV-04,2025-06-21 13:13:42,GA,3,40.00,FINDUS,completed
ORD-00506,EV-05,2025-06-21 13:18:42,GA,2,42.00,PRESSPLAY,completed
ORD-00507,EV-05,2025-06-21 13:20:04,GA,1,42.00,,completed
ORD-00508,EV-06,2025-06-21 13:30:27,Balcony,1,50.00,,refunded
ORD-00509,EV-08,2025-06-21 13:33:11,GA,4,45.00,ENCORE,completed
ORD-00510,EV-01,2025-06-21 13:36:53,GA,2,36.00,ONAIR10,completed
ORD-00511,EV-01,2025-06-21 13:40:17,VIP,3,85.00,SUMMER25,completed
ORD-00512,EV-02,2025-06-21 13:53:15,Balcony,1,46.00,ONAIR10,refunded
ORD-00513,EV-05,2025-06-21 13:55:43,GA,1,42.00,,completed
ORD-00514,EV-08,2025-06-21 14:01:03,Balcony,2,62.00,SUMMER25,completed
ORD-00515,EV-06,2025-06-21 14:10:05,Balcony,3,50.00,,completed
ORD-00516,EV-02,2025-06-21 14:17:38,GA,1,32.00,SUMMER25,completed
ORD-00517,EV-06,2025-06-21 14:18:38,GA,2,38.00,,completed
ORD-00518,EV-05,2025-06-21 14:19:39,Balcony,2,58.00,ONAIR10,completed
ORD-00519,EV-03,2025-06-21 14:26:16,VIP,1,70.00,ONAIR10,completed
ORD-00520,EV-07,2025-06-21 14:29:56,Balcony,2,48.00,ONAIR10,completed
ORD-00521,EV-06,2025-06-21 14:34:09,VIP,3,80.00,VIPNIGHT ,completed
ORD-00522,EV-01,2025-06-21 14:45:51,GA,2,36.00,,completed
ORD-00523,EV-01,2025-06-21 14:49:29,Balcony,1,52.00,,completed
ORD-00524,EV-06,2025-06-21 14:55:47,Balcony,2,50.00,SUMMER25,completed
ORD-00525,EV-01,2025-06-21 14:59:43,Balcony,2,52.00,ONAIR10,completed
ORD-00526,EV-05,2025-06-21 15:01:41,GA,3,42.00,,completed
ORD-00527,EV-08,2025-06-21 15:02:14,GA,3,45.00,,completed
ORD-00528,EV-04,2025-06-21 15:05:22,GA,3,40.00,,completed
ORD-00529,EV-04,2025-06-21 15:19:11,GA,5,40.00,,completed
ORD-00530,EV-08,2025-06-21 15:22:07,GA,2,45.00,,completed
ORD-00531,EV-05,2025-06-21 15:23:53,GA,2,42.00,,completed
ORD-00532,EV-07,2025-06-21 15:28:43,GA,6,34.00,ONAIR10,completed
ORD-00533,EV-06,2025-06-21 15:30:02,GA,1,38.00,,completed
ORD-00534,EV-01,2025-06-21 15:36:38,GA,2,36.00,ONAIR10,completed
ORD-00535,EV-08,2025-06-21 15:42:04,Balcony,2,62.00,,completed
ORD-00536,EV-07,2025-06-21 15:49:12,GA,5,34.00,,completed
ORD-00537,EV-06,2025-06-21 15:49:16,GA,2,38.00,,refunded
ORD-00538,EV-05,2025-06-21 16:09:02,GA,3,42.00,,refunded
ORD-00539,EV-05,2025-06-21 16:12:43,Balcony,1,58.00,SUMMER25,completed
ORD-00540,EV-03,2025-06-21 16:22:49,GA,1,30.00,,completed
ORD-00541,EV-07,2025-06-21 16:27:35,GA,4,34.00,,completed
ORD-00542,EV-08,2025-06-21 16:46:47,VIP,1,110.00,ONAIR10,completed
ORD-00543,EV-08,2025-06-21 16:51:36,GA,1,45.00,,completed
ORD-00544,EV-07,2025-06-21 16:56:07,Balcony,1,48.00,,completed
ORD-00545,EV-02,2025-06-21 17:00:36,GA,3,32.00,ONAIR10,completed
ORD-00546,EV-08,2025-06-21 17:03:58,VIP,2,110.00,,refunded
ORD-00547,EV-07,2025-06-21 17:05:47,GA,2,34.00,,completed
ORD-00548,EV-02,2025-06-21 17:07:34,GA,2,32.00,,completed
ORD-00549,EV-06,2025-06-21 17:10:03,GA,5,38.00,ONAIR10,completed
ORD-00550,EV-04,2025-06-21 17:11:23,Balcony,2,56.00,SUMMER25,completed
ORD-00551,EV-02,2025-06-21 17:14:14,GA,1,32.00,ONAIR10,completed
ORD-00552,EV-05,2025-06-21 17:16:56,GA,1,42.00,ONAIR10,completed
ORD-00553,EV-05,2025-06-21 17:18:46,Balcony,2,58.00,FINDUS,completed
ORD-00554,EV-06,2025-06-21 17:20:14,GA,2,38.00,,completed
ORD-00555,EV-04,2025-06-21 17:24:36,VIP,2,90.00,,refunded
ORD-00556,EV-06,2025-06-21 17:30:21,Balcony,1,50.00,FINDUS,completed
ORD-00557,EV-03,2025-06-21 17:31:17,GA,3,30.00,,completed
ORD-00558,EV-06,2025-06-21 17:31:25,GA,1,38.00,FINDUS,completed
ORD-00559,EV-07,2025-06-21 17:32:22,Balcony,3,48.00,FINDUS,completed
ORD-00560,EV-02,2025-06-21 17:36:57,GA,3,32.00,,completed
ORD-00561,EV-06,2025-06-21 17:45:08,Balcony,2,50.00,,refunded
ORD-00562,EV-05,2025-06-21 17:47:51,GA,1,42.00,SUMMER25,completed
ORD-00563,EV-05,2025-06-21 17:48:29,Balcony,2,58.00,ONAIR10,completed
ORD-00564,EV-06,2025-06-21 17:54:35,GA,5,38.00,FINDUS,completed
ORD-00565,EV-02,2025-06-21 17:54:45,VIP,2,75.00,,completed
ORD-00566,EV-01,2025-06-21 18:03:09,Balcony,1,52.00,ONAIR10,refunded
ORD-00567,EV-01,2025-06-21 18:03:23,GA,1,36.00,,completed
ORD-00568,EV-05,2025-06-21 18:07:07,Balcony,5,58.00,ONAIR10,completed
ORD-00569,EV-06,2025-06-21 18:08:14,VIP,1,80.00,,completed
ORD-00570,EV-07,2025-06-21 18:10:01,GA,2,34.00,,completed
ORD-00571,EV-01,2025-06-21 18:13:51,GA,2,36.00,,completed
ORD-00572,EV-08,2025-06-21 18:14:28,GA,2,45.00,SUMMER25,completed
ORD-00573,EV-08,2025-06-21 18:16:03,GA,1,45.00,ONAIR10,completed
ORD-00574,EV-05,2025-06-21 18:16:06,GA,2,42.00,ONAIR10,completed
ORD-00575,EV-01,2025-06-21 18:17:27,GA,3,36.00,ONAIR10,completed
ORD-00576,EV-08,2025-06-21 18:21:43,GA,2,45.00,,completed
ORD-00577,EV-03,2025-06-21 18:24:30,GA,1,30.00,summer25,completed
ORD-00578,EV-04,2025-06-21 18:25:01,GA,2,40.00,,refunded
ORD-00579,EV-08,2025-06-21 18:27:47,GA,5,45.00,ONAIR10,completed
ORD-00580,EV-02,2025-06-21 18:29:35,GA,4,32.00,ONAIR10,completed
ORD-00581,EV-06,2025-06-21 18:29:37,Balcony,3,50.00,,completed
ORD-00582,EV-04,2025-06-21 18:31:17,GA,2,40.00,,completed
ORD-00583,EV-05,2025-06-21 18:33:05,GA,2,42.00,,completed
ORD-00584,EV-01,2025-06-21 18:34:08,GA,1,36.00,ONAIR10,completed
ORD-00585,EV-02,2025-06-21 18:35:41,Balcony,1,46.00,,completed
ORD-00586,EV-06,2025-06-21 18:36:21,Balcony,2,50.00,SUMMER25,completed
ORD-00587,EV-02,2025-06-21 18:37:26,GA,2,32.00,ONAIR10,completed
ORD-00588,EV-07,2025-06-21 18:37:26,GA,2,34.00,ONAIR10,completed
ORD-00589,EV-04,2025-06-21 18:40:01,Balcony,3,56.00,ONAIR10,completed
ORD-00590,EV-04,2025-06-21 18:40:12,GA,1,40.00,,completed
ORD-00591,EV-07,2025-06-21 18:41:42,GA,2,34.00,,completed
ORD-00592,EV-08,2025-06-21 18:41:47,Balcony,4,62.00,,completed
ORD-00593,EV-01,2025-06-21 18:44:57,Balcony,1,52.00,SUMMER25,completed
ORD-00594,EV-05,2025-06-21 18:48:29,Balcony,3,58.00,,completed
ORD-00595,EV-01,2025-06-21 18:51:36,GA,2,36.00,,completed
ORD-00596,EV-03,2025-06-21 18:53:51,GA,1,30.00,STUDENT10,completed
ORD-00597,EV-01,2025-06-21 18:55:59,GA,2,36.00,,completed
ORD-00598,EV-04,2025-06-21 18:57:02,GA,4,40.00,,completed
ORD-00599,EV-02,2025-06-21 19:04:14,GA,1,32.00,ONAIR10,completed
ORD-00600,EV-08,2025-06-21 19:04:52,GA,2,45.00,,completed
ORD-00601,EV-05,2025-06-21 19:07:23,VIP,3,95.00,,refunded
ORD-00602,EV-05,2025-06-21 19:08:33,Balcony,1,58.00,STUDENT10,completed
ORD-00603,EV-02,2025-06-21 19:09:55,Balcony,4,46.00,ONAIR10,completed
ORD-00604,EV-07,2025-06-21 19:10:29,Balcony,2,48.00,,completed
ORD-00605,EV-03,2025-06-21 19:11:24,GA,1,30.00,ONAIR10,completed
ORD-00606,EV-01,2025-06-21 19:14:19,Balcony,2,52.00,,completed
ORD-00607,EV-04,2025-06-21 19:15:31,VIP,4,90.00,,completed
ORD-00608,EV-08,2025-06-21 19:16:40,Balcony,2,62.00,,completed
ORD-00609,EV-03,2025-06-21 19:20:36,GA,2,30.00,SUMMER25,completed
ORD-00610,EV-04,2025-06-21 19:21:01,GA,1,40.00,,completed
ORD-00611,EV-05,2025-06-21 19:21:12,GA,2,42.00,,completed
ORD-00612,EV-07,2025-06-21 19:22:51,Balcony,2,48.00,SUMMER25,completed
ORD-00613,EV-02,2025-06-21 19:24:49,Balcony,3,46.00,,completed
ORD-00614,EV-07,2025-06-21 19:24:51,GA,5,34.00,,completed
ORD-00615,EV-08,2025-06-21 19:24:52,VIP,5,110.00,,completed
ORD-00616,EV-06,2025-06-21 19:26:24,GA,2,38.00,SUMMER25,completed
ORD-00617,EV-04,2025-06-21 19:27:11,Balcony,1,56.00,,completed
ORD-00618,EV-01,2025-06-21 19:27:17,GA,2,36.00,,completed
ORD-00619,EV-08,2025-06-21 19:27:51,Balcony,1,62.00,FINDUS,completed
ORD-00620,EV-07,2025-06-21 19:27:59,GA,2,34.00,,completed
ORD-00621,EV-02,2025-06-21 19:28:12,Balcony,2,46.00,ONAIR10,refunded
ORD-00622,EV-02,2025-06-21 19:29:32,Balcony,4,46.00,ONAIR10,completed
ORD-00623,EV-08,2025-06-21 19:30:43,Balcony,6,62.00,,completed
ORD-00624,EV-04,2025-06-21 19:31:06,GA,6,40.00,FINDUS,completed
ORD-00625,EV-04,2025-06-21 19:31:55,GA,1,40.00,SUMMER25,completed
ORD-00626,EV-07,2025-06-21 19:32:26,Balcony,2,48.00,ONAIR10,refunded
ORD-00627,EV-05,2025-06-21 19:33:19,GA,1,42.00,,completed
ORD-00628,EV-07,2025-06-21 19:34:36,Balcony,2,48.00,,completed
ORD-00629,EV-08,2025-06-21 19:37:49,Balcony,1,62.00,SUMMER25,completed
ORD-00630,EV-08,2025-06-21 19:37:53,GA,2,45.00,ENCORE,refunded
ORD-00631,EV-05,2025-06-21 19:38:51,GA,3,42.00,,completed
ORD-00632,EV-05,2025-06-21 19:39:39,GA,2,42.00,,completed
ORD-00633,EV-06,2025-06-21 19:40:53,GA,2,38.00,ENCORE,completed
ORD-00634,EV-04,2025-06-21 19:45:38,GA,2,40.00,,completed
ORD-00635,EV-01,2025-06-21 19:46:50,GA,2,36.00,,completed
ORD-00636,EV-08,2025-06-21 19:48:37,GA,3,45.00, SUMMER25,completed
ORD-00637,EV-05,2025-06-21 19:51:59,GA,1,42.00,ONAIR10,completed
ORD-00638,EV-06,2025-06-21 19:52:52,GA,1,38.00,,completed
ORD-00639,EV-07,2025-06-21 19:54:19,Balcony,1,48.00,,completed
ORD-00640,EV-04,2025-06-21 19:58:58,GA,3,40.00,PRESSPLAY,completed
ORD-00641,EV-05,2025-06-21 20:00:02,Balcony,4,58.00,ONAIR10,completed
ORD-00642,EV-02,2025-06-21 20:01:58,GA,3,32.00,,completed
ORD-00643,EV-08,2025-06-21 20:04:49,VIP,1,110.00,FINDUS,completed
ORD-00644,EV-06,2025-06-21 20:07:07,GA,1,38.00,,completed
ORD-00645,EV-01,2025-06-21 20:07:22,Balcony,2,52.00,,completed
ORD-00646,EV-04,2025-06-21 20:08:17,GA,1,40.00,,completed
ORD-00647,EV-04,2025-06-21 20:08:20,GA,1,40.00,,completed
ORD-00648,EV-01,2025-06-21 20:10:41,GA,4,36.00,,completed
ORD-00649,EV-08,2025-06-21 20:12:56,GA,2,45.00,FINDUS,completed
ORD-00650,EV-05,2025-06-21 20:14:15,GA,6,42.00,,completed
ORD-00651,EV-05,2025-06-21 20:19:21,GA,2,42.00,ONAIR10,completed
ORD-00652,EV-08,2025-06-21 20:20:14,GA,3,45.00,,completed
ORD-00653,EV-08,2025-06-21 20:22:54,GA,1,45.00,,completed
ORD-00654,EV-05,2025-06-21 20:30:02,GA,1,42.00,,completed
ORD-00655,EV-06,2025-06-21 20:32:42,Balcony,3,50.00,ONAIR10,completed
ORD-00656,EV-05,2025-06-21 20:34:29,GA,5,42.00,,completed
ORD-00657,EV-08,2025-06-21 20:36:24,VIP,1,110.00,SUMMER25,completed
ORD-00658,EV-03,2025-06-21 20:37:15,Balcony,3,44.00,,completed
ORD-00659,EV-02,2025-06-21 20:38:11,GA,2,32.00,,refunded
ORD-00660,EV-06,2025-06-21 20:42:15,Balcony,1,50.00,SUMMER25,completed
ORD-00661,EV-03,2025-06-21 20:42:20,GA,2,30.00, VIPNIGHT,completed
ORD-00662,EV-08,2025-06-21 20:42:44,GA,1,45.00,,completed
ORD-00663,EV-01,2025-06-21 20:43:47,Balcony,1,52.00,ONAIR10,refunded
ORD-00664,EV-03,2025-06-21 20:44:52,GA,2,30.00,PRESSPLAY,completed
ORD-00665,EV-06,2025-06-21 20:47:01,Balcony,1,50.00, VIPNIGHT,completed
ORD-00666,EV-07,2025-06-21 20:52:03,GA,1,34.00,SUMMER25,completed
ORD-00667,EV-06,2025-06-21 20:53:42,GA,2,38.00,ONAIR10,completed
ORD-00668,EV-07,2025-06-21 20:55:24,GA,5,34.00,ONAIR10,completed
ORD-00669,EV-07,2025-06-21 20:56:43,VIP,2,72.00,,completed
ORD-00670,EV-07,2025-06-21 20:57:39,GA,1,34.00,SUMMER25,completed
ORD-00671,EV-06,2025-06-21 20:57:59,GA,3,38.00,SUMMER25,completed
ORD-00672,EV-05,2025-06-21 20:59:21,Balcony,2,58.00,,completed
ORD-00673,EV-08,2025-06-21 21:00:06,VIP,3,110.00,ONAIR10,refunded
ORD-00674,EV-08,2025-06-21 21:02:56,GA,6,45.00,,completed
ORD-00675,EV-01,2025-06-21 21:04:03,GA,2,36.00,,refunded
ORD-00676,EV-05,2025-06-21 21:04:14,Balcony,2,58.00,SUMMER25,completed
ORD-00677,EV-07,2025-06-21 21:08:54,GA,3,34.00,,completed
ORD-00678,EV-03,2025-06-21 21:09:22,Balcony,1,44.00,,completed
ORD-00679,EV-07,2025-06-21 21:10:59,GA,4,34.00,,completed
ORD-00680,EV-04,2025-06-21 21:12:31,Balcony,1,56.00,FINDUS,completed
ORD-00681,EV-04,2025-06-21 21:14:01,GA,2,40.00,SUMMER25,completed
ORD-00682,EV-06,2025-06-21 21:14:03,GA,4,38.00,ONAIR10,completed
ORD-00683,EV-05,2025-06-21 21:14:36,GA,2,42.00,,completed
ORD-00684,EV-05,2025-06-21 21:15:35,GA,5,42.00,SUMMER25,completed
ORD-00685,EV-06,2025-06-21 21:17:45,GA,1,38.00,SUMMER25,completed
ORD-00686,EV-05,2025-06-21 21:18:58,GA,2,42.00,ONAIR10,refunded
ORD-00687,EV-01,2025-06-21 21:20:05,Balcony,1,52.00,ONAIR10,completed
ORD-00688,EV-01,2025-06-21 21:21:17,GA,3,36.00,STUDENT10,completed
ORD-00689,EV-07,2025-06-21 21:22:12,Balcony,3,48.00,summer25,completed
ORD-00690,EV-01,2025-06-21 21:22:46,GA,2,36.00,,completed
ORD-00691,EV-01,2025-06-21 21:27:13,GA,2,36.00,SUMMER25,refunded
ORD-00692,EV-08,2025-06-21 21:30:44,GA,2,45.00,,completed
ORD-00693,EV-05,2025-06-21 21:31:09,GA,2,42.00,,refunded
ORD-00694,EV-06,2025-06-21 21:31:27,GA,2,38.00,FINDUS,completed
ORD-00695,EV-05,2025-06-21 21:32:26,GA,2,42.00,,completed
ORD-00696,EV-08,2025-06-21 21:40:26,GA,1,45.00,SUMMER25,completed
ORD-00697,EV-08,2025-06-21 21:40:51,GA,5,45.00,ONAIR10,completed
ORD-00698,EV-04,2025-06-21 21:42:10,GA,4,40.00,FINDUS,refunded
ORD-00699,EV-08,2025-06-21 21:44:45,GA,2,45.00,SUMMER25,refunded
ORD-00700,EV-02,2025-06-21 21:45:47,Balcony,5,46.00,,completed
ORD-00701,EV-03,2025-06-21 21:47:32,GA,1,30.00,,completed
ORD-00702,EV-08,2025-06-21 21:48:04,Balcony,2,62.00,SUMMER25,completed
ORD-00703,EV-04,2025-06-21 21:53:56,GA,5,40.00,SUMMER25,completed
ORD-00704,EV-06,2025-06-21 21:55:18,Balcony,2,50.00,,completed
ORD-00705,EV-03,2025-06-21 21:56:04,GA,2,30.00,,completed
ORD-00706,EV-02,2025-06-21 21:58:11,GA,2,32.00,ONAIR10,completed
ORD-00707,EV-08,2025-06-21 21:58:54,GA,1,45.00,SUMMER25,completed
ORD-00708,EV-07,2025-06-21 22:01:04,GA,3,34.00,,completed
ORD-00709,EV-05,2025-06-21 22:01:45,GA,5,42.00,,completed
ORD-00710,EV-03,2025-06-21 22:04:30,GA,1,30.00,PRESSPLAY,completed
ORD-00711,EV-05,2025-06-21 22:05:40,Balcony,5,58.00,,completed
ORD-00712,EV-06,2025-06-21 22:08:42,Balcony,2,50.00,,completed
ORD-00713,EV-03,2025-06-21 22:09:00,GA,4,30.00,SUMMER25,completed
ORD-00714,EV-08,2025-06-21 22:10:14,GA,1,45.00,SUMMER25,completed
ORD-00715,EV-04,2025-06-21 22:11:53,Balcony,2,56.00,SUMMER25,completed
ORD-00716,EV-06,2025-06-21 22:12:26,GA,2,38.00,ONAIR10,completed
ORD-00717,EV-07,2025-06-21 22:13:44,GA,3,34.00,,completed
ORD-00718,EV-02,2025-06-21 22:14:40,VIP,1,75.00,,completed
ORD-00719,EV-04,2025-06-21 22:18:02,VIP,3,90.00,,completed
ORD-00720,EV-06,2025-06-21 22:19:31,GA,3,38.00,SUMMER25,completed
ORD-00721,EV-01,2025-06-21 22:20:18,VIP,4,85.00,ONAIR10,completed
ORD-00722,EV-02,2025-06-21 22:21:15,GA,1,32.00,,completed
ORD-00723,EV-07,2025-06-21 22:23:16,Balcony,1,48.00,,completed
ORD-00724,EV-05,2025-06-21 22:25:02,GA,1,42.00,,completed
ORD-00725,EV-02,2025-06-21 22:25:24,GA,1,32.00, SUMMER25,completed
ORD-00726,EV-05,2025-06-21 22:25:49,GA,4,42.00,ONAIR10,completed
ORD-00727,EV-01,2025-06-21 22:25:55,GA,2,36.00, SUMMER25,completed
ORD-00728,EV-06,2025-06-21 22:26:07,Balcony,1,50.00,,completed
ORD-00729,EV-05,2025-06-21 22:27:46,GA,3,42.00,,completed
ORD-00730,EV-05,2025-06-21 22:29:17,GA,1,42.00,,completed
ORD-00731,EV-05,2025-06-21 22:29:23,Balcony,2,58.00,FINDUS,completed
ORD-00732,EV-05,2025-06-21 22:32:31,GA,2,42.00,,completed
ORD-00733,EV-02,2025-06-21 22:34:30,Balcony,1,46.00,SUMMER25,completed
ORD-00734,EV-07,2025-06-21 22:34:52,GA,5,34.00,ONAIR10,completed
ORD-00735,EV-06,2025-06-21 22:35:20,GA,2,38.00,ONAIR10,completed
ORD-00736,EV-05,2025-06-21 22:38:17,GA,1,42.00,,completed
ORD-00737,EV-02,2025-06-21 22:39:33,VIP,2,75.00,ONAIR10,completed
ORD-00738,EV-04,2025-06-21 22:40:57,GA,2,40.00,,completed
ORD-00739,EV-08,2025-06-21 22:41:43,GA,1,45.00,,completed
ORD-00740,EV-02,2025-06-21 22:44:33,Balcony,1,46.00,,completed
ORD-00741,EV-06,2025-06-21 22:44:55,VIP,1,80.00,ONAIR10,completed
ORD-00742,EV-03,2025-06-21 22:52:50,Balcony,2,44.00,ONAIR10,completed
ORD-00743,EV-01,2025-06-21 22:56:04,VIP,1,85.00,SUMMER25,completed
ORD-00744,EV-06,2025-06-21 22:59:31,Balcony,6,50.00,FINDUS,completed
ORD-00745,EV-01,2025-06-21 23:23:14,GA,1,36.00,ONAIR10,completed
ORD-00746,EV-02,2025-06-21 23:29:41,Balcony,3,46.00,ONAIR10,completed
ORD-00747,EV-04,2025-06-21 23:31:13,Balcony,1,56.00,,completed
ORD-00748,EV-08,2025-06-21 23:35:17,Balcony,4,62.00,STUDENT10,completed
ORD-00749,EV-08,2025-06-21 23:50:04,GA,2,45.00,ONAIR10,completed
ORD-00750,EV-05,2025-06-21 23:52:45,GA,1,42.00,,completed
ORD-00751,EV-06,2025-06-22 00:29:33,Balcony,3,50.00,,completed
ORD-00752,EV-08,2025-06-22 01:03:24,GA,5,45.00,,completed
ORD-00753,EV-04,2025-06-22 01:37:42,GA,1,40.00,SUMMER25 ,completed
ORD-00754,EV-02,2025-06-22 02:15:54,GA,2,32.00,,completed
ORD-00755,EV-07,2025-06-22 02:31:13,GA,1,34.00,,completed
ORD-00756,EV-05,2025-06-22 03:30:30,Balcony,3,58.00,,completed
ORD-00757,EV-08,2025-06-22 03:51:26,GA,2,45.00,SUMMER25,completed
ORD-00758,EV-07,2025-06-22 05:48:43,GA,2,34.00,,completed
ORD-00759,EV-05,2025-06-22 06:38:56,GA,2,42.00,,completed
ORD-00760,EV-06,2025-06-22 07:06:03,Balcony,1,50.00,,completed
ORD-00761,EV-02,2025-06-22 07:13:33,GA,2,32.00,,completed
ORD-00762,EV-01,2025-06-22 07:21:56,GA,3,36.00,,completed
ORD-00763,EV-04,2025-06-22 07:42:12,GA,1,40.00,VIPNIGHT,refunded
ORD-00764,EV-08,2025-06-22 08:08:11,GA,2,45.00,ONAIR10,completed
ORD-00765,EV-08,2025-06-22 08:08:35,GA,1,45.00,,completed
ORD-00766,EV-06,2025-06-22 08:15:53,Balcony,2,50.00,FINDUS,completed
ORD-00767,EV-04,2025-06-22 08:20:27,GA,4,40.00,SUMMER25,completed
ORD-00768,EV-04,2025-06-22 08:21:33,GA,1,40.00,,completed
ORD-00769,EV-04,2025-06-22 08:31:24,GA,2,40.00,ONAIR10,completed
ORD-00770,EV-08,2025-06-22 08:45:34,GA,2,45.00,,refunded
ORD-00771,EV-07,2025-06-22 08:46:17,GA,3,34.00,,completed
ORD-00772,EV-07,2025-06-22 09:03:26,GA,2,34.00,,completed
ORD-00773,EV-04,2025-06-22 09:05:08,GA,1,40.00,,completed
ORD-00774,EV-01,2025-06-22 09:08:33,GA,2,36.00,ONAIR10,completed
ORD-00775,EV-08,2025-06-22 09:12:43,GA,6,45.00,SUMMER25,completed
ORD-00776,EV-07,2025-06-22 09:22:53,GA,2,34.00,ONAIR10,completed
ORD-00777,EV-07,2025-06-22 09:25:10,Balcony,2,48.00,,completed
ORD-00778,EV-01,2025-06-22 09:27:20,GA,1,36.00,SUMMER25,completed
ORD-00779,EV-08,2025-06-22 09:30:46,GA,1,45.00,,completed
ORD-00780,EV-02,2025-06-22 09:45:42,GA,1,32.00,SUMMER25,completed
ORD-00781,EV-01,2025-06-22 10:27:37,GA,2,36.00,,completed
ORD-00782,EV-05,2025-06-22 10:44:35,GA,2,42.00,ONAIR10,completed
ORD-00783,EV-02,2025-06-22 10:57:10,Balcony,3,46.00,SUMMER25,completed
ORD-00784,EV-05,2025-06-22 11:10:20,GA,1,42.00,,refunded
ORD-00785,EV-03,2025-06-22 11:18:16,GA,2,30.00, SUMMER25,completed
ORD-00786,EV-05,2025-06-22 11:18:17,GA,4,42.00,SUMMER25,completed
ORD-00787,EV-06,2025-06-22 11:21:06,GA,2,38.00,,completed
ORD-00788,EV-01,2025-06-22 11:24:11,Balcony,3,52.00,,completed
ORD-00789,EV-02,2025-06-22 11:38:28,GA,1,32.00,,completed
ORD-00790,EV-07,2025-06-22 11:40:11,Balcony,1,48.00,ONAIR10,completed
ORD-00791,EV-02,2025-06-22 11:46:24,VIP,1,75.00,,completed
ORD-00792,EV-08,2025-06-22 11:54:00,GA,2,45.00, VIPNIGHT,completed
ORD-00793,EV-03,2025-06-22 12:04:06,GA,4,30.00,SUMMER25,completed
ORD-00794,EV-06,2025-06-22 12:06:46,VIP,4,80.00,,completed
ORD-00795,EV-01,2025-06-22 12:07:54,GA,5,36.00,,completed
ORD-00796,EV-03,2025-06-22 12:13:52,GA,3,30.00,,completed
ORD-00797,EV-03,2025-06-22 12:16:21,GA,4,30.00,SUMMER25,completed
ORD-00798,EV-04,2025-06-22 12:22:23,GA,1,40.00,,completed
ORD-00799,EV-05,2025-06-22 12:27:39,GA,2,42.00,,completed
ORD-00800,EV-07,2025-06-22 12:29:28,GA,2,34.00,ONAIR10,refunded
ORD-00801,EV-05,2025-06-22 12:33:10,Balcony,1,58.00,PRESSPLAY,completed
ORD-00802,EV-05,2025-06-22 12:36:21,VIP,6,95.00,SUMMER25,completed
ORD-00803,EV-08,2025-06-22 12:47:32,Balcony,2,62.00,SUMMER25,completed
ORD-00804,EV-01,2025-06-22 12:50:34,GA,4,36.00,Summer25,completed
ORD-00805,EV-08,2025-06-22 12:52:07,GA,3,45.00,,completed
ORD-00806,EV-05,2025-06-22 13:05:11,GA,1,42.00,,completed
ORD-00807,EV-07,2025-06-22 13:14:11,GA,1,34.00,PRESSPLAY,completed
ORD-00808,EV-03,2025-06-22 13:14:37,GA,1,30.00,,completed
ORD-00809,EV-03,2025-06-22 13:18:36,GA,2,30.00,,completed
ORD-00810,EV-06,2025-06-22 13:18:57,Balcony,1,50.00,,completed
ORD-00811,EV-08,2025-06-22 13:21:22,GA,1,45.00,SUMMER25,completed
ORD-00812,EV-07,2025-06-22 13:22:32,GA,3,34.00,,completed
ORD-00813,EV-01,2025-06-22 13:22:40,Balcony,1,52.00,SUMMER25,completed
ORD-00814,EV-08,2025-06-22 13:51:02,Balcony,2,62.00,ONAIR10,completed
ORD-00815,EV-04,2025-06-22 13:52:56,Balcony,2,56.00,,completed
ORD-00816,EV-04,2025-06-22 14:01:50,GA,1,40.00,ONAIR10,completed
ORD-00817,EV-03,2025-06-22 14:05:23,Balcony,1,44.00,ONAIR10,completed
ORD-00818,EV-05,2025-06-22 14:17:38,GA,2,42.00,,completed
ORD-00819,EV-02,2025-06-22 14:19:00,GA,3,32.00,,completed
ORD-00820,EV-02,2025-06-22 14:20:55,GA,2,32.00,ONAIR10,completed
ORD-00821,EV-03,2025-06-22 14:21:08,GA,2,30.00,ONAIR10,completed
ORD-00822,EV-04,2025-06-22 14:21:56,GA,1,40.00,ONAIR10,completed
ORD-00823,EV-02,2025-06-22 14:27:40,GA,3,32.00,,completed
ORD-00824,EV-03,2025-06-22 14:27:44,GA,4,30.00,SUMMER25,completed
ORD-00825,EV-07,2025-06-22 14:29:34,VIP,1,72.00,,refunded
ORD-00826,EV-05,2025-06-22 14:30:08,GA,1,42.00,SUMMER25,completed
ORD-00827,EV-06,2025-06-22 14:34:08,Balcony,1,50.00,FINDUS,completed
ORD-00828,EV-01,2025-06-22 14:37:27,Balcony,1,52.00,,completed
ORD-00829,EV-05,2025-06-22 14:40:11,Balcony,6,58.00,,completed
ORD-00830,EV-03,2025-06-22 14:46:02,GA,2,30.00,ONAIR10,completed
ORD-00831,EV-02,2025-06-22 15:01:11,GA,4,32.00,ONAIR10,completed
ORD-00832,EV-06,2025-06-22 15:05:32,Balcony,3,50.00,,completed
ORD-00833,EV-07,2025-06-22 15:07:29,GA,1,34.00,,completed
ORD-00834,EV-08,2025-06-22 15:09:11,GA,2,45.00,,completed
ORD-00835,EV-08,2025-06-22 15:16:04,GA,1,45.00,Findus,refunded
ORD-00836,EV-02,2025-06-22 15:25:04,GA,1,32.00,,completed
ORD-00837,EV-07,2025-06-22 15:27:16,Balcony,2,48.00,,completed
ORD-00838,EV-03,2025-06-22 15:27:56,Balcony,2,44.00,ONAIR10,completed
ORD-00839,EV-08,2025-06-22 15:31:41,Balcony,2,62.00,,completed
ORD-00840,EV-06,2025-06-22 15:42:05,GA,1,38.00,,completed
ORD-00841,EV-01,2025-06-22 15:42:06,Balcony,2,52.00,,completed
ORD-00842,EV-03,2025-06-22 15:47:48,Balcony,1,44.00,,completed
ORD-00843,EV-07,2025-06-22 15:49:06,GA,2,34.00,,completed
ORD-00844,EV-05,2025-06-22 16:02:31,GA,2,42.00,ONAIR10,completed
ORD-00845,EV-04,2025-06-22 16:03:41,GA,2,40.00,,completed
ORD-00846,EV-04,2025-06-22 16:08:27,GA,1,40.00,,completed
ORD-00847,EV-03,2025-06-22 16:11:27,GA,2,30.00,onair10,refunded
ORD-00848,EV-04,2025-06-22 16:12:43,GA,2,40.00,ONAIR10,completed
ORD-00849,EV-07,2025-06-22 16:20:43,GA,1,34.00,FINDUS,completed
ORD-00850,EV-06,2025-06-22 16:22:48,GA,4,38.00,,completed
ORD-00851,EV-01,2025-06-22 16:30:03,VIP,2,85.00,,completed
ORD-00852,EV-06,2025-06-22 16:33:17,GA,1,38.00,,completed
ORD-00853,EV-07,2025-06-22 16:34:44,GA,1,34.00, ONAIR10,completed
ORD-00854,EV-05,2025-06-22 16:43:25,GA,3,42.00,SUMMER25,completed
ORD-00855,EV-05,2025-06-22 16:44:55,GA,2,42.00,SUMMER25,refunded
ORD-00856,EV-05,2025-06-22 16:47:09,GA,2,42.00,,completed
ORD-00857,EV-05,2025-06-22 16:49:28,Balcony,2,58.00,ONAIR10,completed
ORD-00858,EV-04,2025-06-22 16:53:46,GA,1,40.00,SUMMER25,completed
ORD-00859,EV-02,2025-06-22 17:11:28,GA,2,32.00,,completed
ORD-00860,EV-07,2025-06-22 17:16:02,VIP,2,72.00,ONAIR10,completed
ORD-00861,EV-08,2025-06-22 17:19:02,GA,2,45.00,ONAIR10,completed
ORD-00862,EV-05,2025-06-22 17:26:00,GA,3,42.00,ONAIR10,completed
ORD-00863,EV-02,2025-06-22 17:35:16,GA,1,32.00,,completed
ORD-00864,EV-06,2025-06-22 17:37:26,Balcony,1,50.00,Vipnight,completed
ORD-00865,EV-06,2025-06-22 17:40:34,Balcony,1,50.00,ONAIR10,completed
ORD-00866,EV-02,2025-06-22 17:41:56,VIP,2,75.00,,completed
ORD-00867,EV-05,2025-06-22 17:54:06,GA,5,42.00,FINDUS,completed
ORD-00868,EV-07,2025-06-22 17:56:46,Balcony,1,48.00,,completed
ORD-00869,EV-08,2025-06-22 17:59:54,VIP,1,110.00,ONAIR10,completed
ORD-00870,EV-05,2025-06-22 18:00:37,GA,3,42.00,FINDUS,completed
ORD-00871,EV-07,2025-06-22 18:01:59,Balcony,2,48.00,,completed
ORD-00872,EV-08,2025-06-22 18:04:03,VIP,4,110.00,,completed
ORD-00873,EV-05,2025-06-22 18:06:14,GA,3,42.00,FINDUS,completed
ORD-00874,EV-05,2025-06-22 18:06:29,GA,5,42.00,ONAIR10,completed
ORD-00875,EV-06,2025-06-22 18:07:44,GA,3,38.00,,completed
ORD-00876,EV-05,2025-06-22 18:11:28,GA,2,42.00,,completed
ORD-00877,EV-02,2025-06-22 18:15:48,Balcony,1,46.00,,completed
ORD-00878,EV-01,2025-06-22 18:16:45,GA,4,36.00,,completed
ORD-00879,EV-01,2025-06-22 18:17:21,GA,4,36.00,,completed
ORD-00880,EV-05,2025-06-22 18:17:35,GA,1,42.00,PRESSPLAY,completed
ORD-00881,EV-04,2025-06-22 18:18:17,GA,2,40.00,,completed
ORD-00882,EV-05,2025-06-22 18:19:40,GA,1,42.00,,completed
ORD-00883,EV-08,2025-06-22 18:21:40,Balcony,5,62.00,,completed
ORD-00884,EV-04,2025-06-22 18:22:15,GA,3,40.00,,completed
ORD-00885,EV-08,2025-06-22 18:24:36,GA,3,45.00,FINDUS,completed
ORD-00886,EV-03,2025-06-22 18:24:39,GA,3,30.00,ONAIR10,completed
ORD-00887,EV-05,2025-06-22 18:25:16,Balcony,1,58.00,,completed
ORD-00888,EV-05,2025-06-22 18:26:57,GA,5,42.00,ONAIR10,completed
ORD-00889,EV-01,2025-06-22 18:30:22,Balcony,2,52.00,,completed
ORD-00890,EV-04,2025-06-22 18:33:59,GA,2,40.00,ONAIR10,refunded
ORD-00891,EV-04,2025-06-22 18:34:31,Balcony,2,56.00,,completed
ORD-00892,EV-04,2025-06-22 18:35:49,GA,2,40.00,,completed
ORD-00893,EV-08,2025-06-22 18:35:51,Balcony,4,62.00,,completed
ORD-00894,EV-04,2025-06-22 18:36:47,GA,1,40.00,SUMMER25,completed
ORD-00895,EV-08,2025-06-22 18:38:26,Balcony,3,62.00,ONAIR10,completed
ORD-00896,EV-05,2025-06-22 18:42:22,GA,1,42.00,SUMMER25,completed
ORD-00897,EV-04,2025-06-22 18:42:54,GA,3,40.00,,completed
ORD-00898,EV-05,2025-06-22 18:47:31,GA,1,42.00,,completed
ORD-00899,EV-05,2025-06-22 18:48:34,GA,4,42.00,ONAIR10,completed
ORD-00900,EV-05,2025-06-22 18:50:49,GA,1,42.00,ONAIR10,completed
ORD-00901,EV-08,2025-06-22 18:51:06,GA,2,45.00,,completed
ORD-00902,EV-01,2025-06-22 18:51:25,GA,2,36.00,SUMMER25,completed
ORD-00903,EV-05,2025-06-22 18:52:52,GA,5,42.00,,completed
ORD-00904,EV-03,2025-06-22 18:54:33,GA,3,30.00,,completed
ORD-00905,EV-08,2025-06-22 18:55:09,GA,1,45.00,,completed
ORD-00906,EV-02,2025-06-22 19:05:54,GA,3,32.00,,completed
ORD-00907,EV-01,2025-06-22 19:06:45,GA,1,36.00,,completed
ORD-00908,EV-08,2025-06-22 19:08:02,GA,1,45.00,SUMMER25,completed
ORD-00909,EV-08,2025-06-22 19:12:00,VIP,2,110.00,SUMMER25,completed
ORD-00910,EV-01,2025-06-22 19:15:36,GA,1,36.00,,completed
ORD-00911,EV-08,2025-06-22 19:18:32,Balcony,2,62.00,FINDUS,completed
ORD-00912,EV-04,2025-06-22 19:23:08,Balcony,2,56.00,,refunded
ORD-00913,EV-02,2025-06-22 19:25:15,GA,1,32.00,,completed
ORD-00914,EV-04,2025-06-22 19:27:50,GA,1,40.00,,completed
ORD-00915,EV-02,2025-06-22 19:29:18,Balcony,1,46.00,,completed
ORD-00916,EV-05,2025-06-22 19:34:54,GA,2,42.00,,completed
ORD-00917,EV-04,2025-06-22 19:35:54,GA,2,40.00,ONAIR10,completed
ORD-00918,EV-01,2025-06-22 19:36:24,GA,2,36.00,STUDENT10,completed
ORD-00919,EV-04,2025-06-22 19:37:28,GA,3,40.00,,completed
ORD-00920,EV-01,2025-06-22 19:39:20,GA,2,36.00, ONAIR10,completed
ORD-00921,EV-04,2025-06-22 19:39:59,GA,1,40.00,ONAIR10,completed
ORD-00922,EV-05,2025-06-22 19:40:22,GA,2,42.00,,completed
ORD-00923,EV-01,2025-06-22 19:41:31,Balcony,2,52.00,FINDUS,completed
ORD-00924,EV-08,2025-06-22 19:42:14,GA,4,45.00,Encore,completed
ORD-00925,EV-02,2025-06-22 19:42:55,GA,2,32.00,,completed
ORD-00926,EV-06,2025-06-22 19:44:04,Balcony,2,50.00,ONAIR10,completed
ORD-00927,EV-02,2025-06-22 19:44:05,GA,1,32.00,,completed
ORD-00928,EV-04,2025-06-22 19:48:45,GA,3,40.00,,completed
ORD-00929,EV-07,2025-06-22 19:51:34,GA,5,34.00,FINDUS,completed
ORD-00930,EV-08,2025-06-22 19:53:36,GA,2,45.00,,completed
ORD-00931,EV-07,2025-06-22 19:55:30,Balcony,1,48.00,PRESSPLAY,refunded
ORD-00932,EV-04,2025-06-22 20:00:03,GA,1,40.00,,completed
ORD-00933,EV-07,2025-06-22 20:02:47,VIP,2,72.00,,completed
ORD-00934,EV-06,2025-06-22 20:03:06,GA,1,38.00,,completed
ORD-00935,EV-02,2025-06-22 20:05:06,Balcony,2,46.00,ENCORE,completed
ORD-00936,EV-01,2025-06-22 20:05:40,GA,2,36.00,,completed
ORD-00937,EV-04,2025-06-22 20:06:20,Balcony,2,56.00,ONAIR10,refunded
ORD-00938,EV-07,2025-06-22 20:07:07,Balcony,1,48.00,FINDUS,completed
ORD-00939,EV-01,2025-06-22 20:07:14,GA,1,36.00,ONAIR10,completed
ORD-00940,EV-06,2025-06-22 20:08:23,Balcony,2,50.00,,completed
ORD-00941,EV-02,2025-06-22 20:09:02,GA,2,32.00,ONAIR10,completed
ORD-00942,EV-07,2025-06-22 20:09:14,Balcony,2,48.00,SUMMER25,completed
ORD-00943,EV-05,2025-06-22 20:10:06,GA,1,42.00,,completed
ORD-00944,EV-01,2025-06-22 20:10:44,GA,1,36.00,,completed
ORD-00945,EV-01,2025-06-22 20:15:28,Balcony,1,52.00,SUMMER25,completed
ORD-00946,EV-02,2025-06-22 20:17:55,Balcony,1,46.00,ONAIR10,completed
ORD-00947,EV-05,2025-06-22 20:20:06,GA,3,42.00,,completed
ORD-00948,EV-04,2025-06-22 20:22:48,Balcony,6,56.00,,completed
ORD-00949,EV-02,2025-06-22 20:23:54,GA,1,32.00,,completed
ORD-00950,EV-04,2025-06-22 20:24:57,GA,6,40.00,,completed
ORD-00951,EV-07,2025-06-22 20:26:12,VIP,2,72.00,,completed
ORD-00952,EV-06,2025-06-22 20:26:36,GA,1,38.00,FINDUS,completed
ORD-00953,EV-07,2025-06-22 20:26:51,GA,2,34.00,ONAIR10,refunded
ORD-00954,EV-04,2025-06-22 20:26:52,Balcony,6,56.00,,completed
ORD-00955,EV-05,2025-06-22 20:26:57,Balcony,3,58.00,,completed
ORD-00956,EV-08,2025-06-22 20:28:31,Balcony,2,62.00,,completed
ORD-00957,EV-04,2025-06-22 20:30:10,Balcony,1,56.00,SUMMER25,completed
ORD-00958,EV-01,2025-06-22 20:30:33,GA,4,36.00,SUMMER25,completed
ORD-00959,EV-08,2025-06-22 20:36:43,GA,1,45.00,SUMMER25 ,completed
ORD-00960,EV-04,2025-06-22 20:45:31,GA,2,40.00,PRESSPLAY,completed
ORD-00961,EV-02,2025-06-22 20:49:19,GA,2,32.00,ONAIR10,completed
ORD-00962,EV-05,2025-06-22 20:49:52,GA,2,42.00,,completed
ORD-00963,EV-03,2025-06-22 20:56:08,VIP,1,70.00,ONAIR10,completed
ORD-00964,EV-08,2025-06-22 20:58:55,VIP,1,110.00,ONAIR10,completed
ORD-00965,EV-06,2025-06-22 21:02:33,GA,2,38.00,SUMMER25,completed
ORD-00966,EV-01,2025-06-22 21:03:43,GA,2,36.00,ONAIR10,completed
ORD-00967,EV-07,2025-06-22 21:03:45,Balcony,2,48.00,ONAIR10,completed
ORD-00968,EV-05,2025-06-22 21:04:17,GA,1,42.00,STUDENT10,completed
ORD-00969,EV-07,2025-06-22 21:05:18,GA,3,34.00,,completed
ORD-00970,EV-02,2025-06-22 21:07:00,VIP,1,75.00,SUMMER25,completed
ORD-00971,EV-06,2025-06-22 21:07:56,GA,1,38.00,FINDUS,refunded
ORD-00972,EV-07,2025-06-22 21:08:54,GA,2,34.00,,completed
ORD-00973,EV-08,2025-06-22 21:10:02,GA,2,45.00,SUMMER25 ,completed
ORD-00974,EV-02,2025-06-22 21:10:07,Balcony,2,46.00,,completed
ORD-00975,EV-05,2025-06-22 21:15:55,GA,1,42.00,PRESSPLAY,completed
ORD-00976,EV-07,2025-06-22 21:18:03,GA,1,34.00,,completed
ORD-00977,EV-08,2025-06-22 21:19:56,GA,1,45.00,,completed
ORD-00978,EV-02,2025-06-22 21:22:31,GA,5,32.00,ONAIR10,completed
ORD-00979,EV-08,2025-06-22 21:25:10,Balcony,2,62.00,,completed
ORD-00980,EV-02,2025-06-22 21:26:59,Balcony,4,46.00,,completed
ORD-00981,EV-02,2025-06-22 21:30:07,GA,3,32.00,ONAIR10,completed
ORD-00982,EV-04,2025-06-22 21:33:21,GA,1,40.00,SUMMER25,completed
ORD-00983,EV-03,2025-06-22 21:39:58,VIP,1,70.00,,completed
ORD-00984,EV-07,2025-06-22 21:39:59,VIP,1,72.00,ENCORE,completed
ORD-00985,EV-04,2025-06-22 21:40:24,GA,1,40.00,,completed
ORD-00986,EV-02,2025-06-22 21:43:20,Balcony,1,46.00,SUMMER25,completed
ORD-00987,EV-07,2025-06-22 21:44:05,Balcony,3,48.00,,completed
ORD-00988,EV-04,2025-06-22 21:44:43,GA,2,40.00,,completed
ORD-00989,EV-06,2025-06-22 21:55:37,GA,2,38.00,ONAIR10,completed
ORD-00990,EV-01,2025-06-22 21:55:41,GA,3,36.00,,completed
ORD-00991,EV-03,2025-06-22 21:57:33,Balcony,2,44.00,,completed
ORD-00992,EV-07,2025-06-22 21:58:37,GA,2,34.00,,completed
ORD-00993,EV-07,2025-06-22 21:59:11,Balcony,1,48.00,SUMMER25,completed
ORD-00994,EV-07,2025-06-22 22:02:25,GA,4,34.00,,completed
ORD-00995,EV-08,2025-06-22 22:02:38,GA,1,45.00,,refunded
ORD-00996,EV-01,2025-06-22 22:02:44,GA,1,36.00,,completed
ORD-00997,EV-01,2025-06-22 22:07:03,Balcony,2,52.00,ENCORE,completed
ORD-00998,EV-01,2025-06-22 22:07:53,GA,1,36.00,SUMMER25,completed
ORD-00999,EV-03,2025-06-22 22:09:41,GA,2,30.00,ONAIR10,completed
ORD-01000,EV-08,2025-06-22 22:09:44,Balcony,2,62.00,,completed
ORD-01001,EV-08,2025-06-22 22:16:03,GA,5,45.00,ONAIR10,completed
ORD-01002,EV-02,2025-06-22 22:17:17,GA,2,32.00,ONAIR10,completed
ORD-01003,EV-03,2025-06-22 22:19:05,GA,1,30.00,SUMMER25,completed
ORD-01004,EV-07,2025-06-22 22:23:36,Balcony,2,48.00,ONAIR10,completed
ORD-01005,EV-07,2025-06-22 22:25:47,GA,3,34.00,,completed
ORD-01006,EV-02,2025-06-22 22:26:47,Balcony,2,46.00,,completed
ORD-01007,EV-04,2025-06-22 22:29:35,GA,1,40.00,ONAIR10,completed
ORD-01008,EV-04,2025-06-22 22:31:02,Balcony,2,56.00,,completed
ORD-01009,EV-03,2025-06-22 22:38:08,GA,3,30.00,PRESSPLAY,completed
ORD-01010,EV-02,2025-06-22 22:43:01,GA,2,32.00,,completed
ORD-01011,EV-07,2025-06-22 22:49:20,GA,2,34.00,SUMMER25,refunded
ORD-01012,EV-06,2025-06-22 22:50:36,GA,4,38.00,,completed
ORD-01013,EV-01,2025-06-22 22:58:21,VIP,3,85.00,,completed
ORD-01014,EV-02,2025-06-22 23:06:57,Balcony,2,46.00,ONAIR10,completed
ORD-01015,EV-08,2025-06-22 23:09:52,Balcony,2,62.00,,completed
ORD-01016,EV-07,2025-06-22 23:14:20,GA,2,34.00,,completed
ORD-01017,EV-07,2025-06-22 23:20:53,GA,1,34.00,FINDUS,completed
ORD-01018,EV-04,2025-06-22 23:25:52,GA,3,40.00,,completed
ORD-01019,EV-02,2025-06-22 23:26:44,GA,2,32.00,FINDUS,completed
ORD-01020,EV-02,2025-06-22 23:39:41,GA,1,32.00,SUMMER25,completed
ORD-01021,EV-03,2025-06-22 23:42:23,Balcony,1,44.00,,completed
ORD-01022,EV-04,2025-06-22 23:42:58,Balcony,1,56.00,ONAIR10,completed
ORD-01023,EV-08,2025-06-23 00:17:31,VIP,1,110.00,ONAIR10,completed
ORD-01024,EV-07,2025-06-23 01:23:22,GA,1,34.00,,completed
ORD-01025,EV-01,2025-06-23 01:35:26,Balcony,2,52.00,SUMMER25,completed
ORD-01026,EV-08,2025-06-23 02:05:10,GA,4,45.00,FINDUS,completed
ORD-01027,EV-01,2025-06-23 02:41:10,GA,6,36.00,ONAIR10,completed
ORD-01028,EV-01,2025-06-23 03:26:24,GA,2,36.00,,completed
ORD-01029,EV-07,2025-06-23 04:14:34,GA,2,34.00, VIPNIGHT,completed
ORD-01030,EV-08,2025-06-23 06:00:18,GA,2,45.00, SUMMER25,completed
ORD-01031,EV-07,2025-06-23 06:12:07,GA,1,34.00,,completed
ORD-01032,EV-03,2025-06-23 07:35:42,GA,1,30.00,,completed
ORD-01033,EV-03,2025-06-23 07:43:35,VIP,1,70.00,ENCORE,completed
ORD-01034,EV-03,2025-06-23 07:47:42,GA,1,30.00,,completed
ORD-01035,EV-06,2025-06-23 08:13:39,Balcony,3,50.00,,completed
ORD-01036,EV-02,2025-06-23 08:13:52,GA,1,32.00,,completed
ORD-01037,EV-05,2025-06-23 08:23:27,Balcony,2,58.00,,completed
ORD-01038,EV-05,2025-06-23 08:33:57,GA,3,42.00,,completed
ORD-01039,EV-08,2025-06-23 08:37:19,GA,2,45.00,,completed
ORD-01040,EV-06,2025-06-23 08:38:39,GA,1,38.00,,completed
ORD-01041,EV-03,2025-06-23 08:40:45,Balcony,2,44.00,STUDENT10,refunded
ORD-01042,EV-02,2025-06-23 08:41:20,VIP,2,75.00,,completed
ORD-01043,EV-01,2025-06-23 08:54:36,Balcony,2,52.00,,refunded
ORD-01044,EV-04,2025-06-23 09:02:26,GA,3,40.00,,completed
ORD-01045,EV-04,2025-06-23 09:05:25,Balcony,1,56.00,,completed
ORD-01046,EV-06,2025-06-23 09:19:47,GA,2,38.00,,completed
ORD-01047,EV-02,2025-06-23 09:20:44,GA,4,32.00,,completed
ORD-01048,EV-03,2025-06-23 09:23:45,GA,3,30.00,STUDENT10,completed
ORD-01049,EV-03,2025-06-23 09:38:07,GA,3,30.00,,completed
ORD-01050,EV-07,2025-06-23 09:38:49,GA,1,34.00,SUMMER25 ,completed
ORD-01051,EV-01,2025-06-23 09:46:53,GA,2,36.00,,completed
ORD-01052,EV-04,2025-06-23 09:53:43,Balcony,2,56.00,,completed
ORD-01053,EV-05,2025-06-23 10:22:42,GA,2,42.00,,completed
ORD-01054,EV-01,2025-06-23 10:24:36,GA,1,36.00,FINDUS,completed
ORD-01055,EV-06,2025-06-23 10:31:45,VIP,2,80.00,ONAIR10,completed
ORD-01056,EV-05,2025-06-23 10:35:25,GA,2,42.00,SUMMER25,completed
ORD-01057,EV-04,2025-06-23 10:36:52,GA,1,40.00,,completed
ORD-01058,EV-01,2025-06-23 10:43:23,GA,2,36.00,,completed
ORD-01059,EV-06,2025-06-23 10:53:51,GA,1,38.00,SUMMER25,completed
ORD-01060,EV-06,2025-06-23 10:54:26,Balcony,5,50.00,,completed
ORD-01061,EV-06,2025-06-23 10:58:02,GA,3,38.00,,completed
ORD-01062,EV-07,2025-06-23 11:06:22,Balcony,2,48.00,,completed
ORD-01063,EV-04,2025-06-23 11:12:00,GA,1,40.00,,completed
ORD-01064,EV-04,2025-06-23 11:21:36,GA,1,40.00,ONAIR10,completed
ORD-01065,EV-08,2025-06-23 11:22:04,VIP,3,110.00,,completed
ORD-01066,EV-04,2025-06-23 11:25:02,Balcony,2,56.00,,completed
ORD-01067,EV-05,2025-06-23 11:37:10,GA,3,42.00,ONAIR10,completed
ORD-01068,EV-07,2025-06-23 11:38:08,GA,1,34.00,,completed
ORD-01069,EV-02,2025-06-23 11:38:24,Balcony,1,46.00,,completed
ORD-01070,EV-08,2025-06-23 11:48:31,GA,3,45.00,,completed
ORD-01071,EV-01,2025-06-23 11:54:33,Balcony,4,52.00,,refunded
ORD-01072,EV-04,2025-06-23 11:55:23,GA,1,40.00,,completed
ORD-01073,EV-07,2025-06-23 11:57:14,GA,1,34.00,,completed
ORD-01074,EV-07,2025-06-23 12:06:00,GA,1,34.00,,completed
ORD-01075,EV-04,2025-06-23 12:09:22,GA,4,40.00,,completed
ORD-01076,EV-01,2025-06-23 12:30:22,Balcony,1,52.00,FINDUS,completed
ORD-01077,EV-08,2025-06-23 12:30:29,VIP,1,110.00,FINDUS,completed
ORD-01078,EV-01,2025-06-23 12:34:17,GA,2,36.00,ONAIR10,completed
ORD-01079,EV-05,2025-06-23 12:36:48,VIP,4,95.00,ONAIR10,completed
ORD-01080,EV-07,2025-06-23 12:38:58,GA,1,34.00,,completed
ORD-01081,EV-01,2025-06-23 12:43:45,GA,1,36.00,STUDENT10,completed
ORD-01082,EV-02,2025-06-23 12:45:26,GA,1,32.00,FINDUS,completed
ORD-01083,EV-03,2025-06-23 12:53:24,GA,2,30.00,ONAIR10,completed
ORD-01084,EV-01,2025-06-23 12:58:06,VIP,4,85.00, SUMMER25,completed
ORD-01085,EV-06,2025-06-23 13:05:03,GA,2,38.00,,completed
ORD-01086,EV-03,2025-06-23 13:07:20,GA,2,30.00,Summer25,completed
ORD-01087,EV-04,2025-06-23 13:12:43,Balcony,2,56.00,,completed
ORD-01088,EV-07,2025-06-23 13:20:33,GA,4,34.00,,completed
ORD-01089,EV-05,2025-06-23 13:24:27,GA,4,42.00,FINDUS,completed
ORD-01090,EV-02,2025-06-23 13:30:39,GA,2,32.00,,completed
ORD-01091,EV-04,2025-06-23 13:40:54,VIP,2,90.00,,completed
ORD-01092,EV-03,2025-06-23 13:47:43,Balcony,1,44.00,PRESSPLAY,completed
ORD-01093,EV-04,2025-06-23 13:49:51,GA,4,40.00,,completed
ORD-01094,EV-05,2025-06-23 13:59:56,GA,2,42.00,,completed
ORD-01095,EV-04,2025-06-23 14:06:37,GA,2,40.00,ONAIR10,completed
ORD-01096,EV-01,2025-06-23 14:11:00,GA,1,36.00,SUMMER25,completed
ORD-01097,EV-02,2025-06-23 14:23:01,Balcony,2,46.00,,completed
ORD-01098,EV-04,2025-06-23 14:30:42,GA,1,40.00,,completed
ORD-01099,EV-02,2025-06-23 14:34:52,GA,1,32.00,SUMMER25,completed
ORD-01100,EV-06,2025-06-23 14:37:35,GA,2,38.00,ONAIR10,completed
ORD-01101,EV-06,2025-06-23 14:42:12,GA,5,38.00,,completed
ORD-01102,EV-03,2025-06-23 14:49:29,GA,2,30.00,ENCORE,completed
ORD-01103,EV-01,2025-06-23 14:52:58,GA,4,36.00,FINDUS,refunded
ORD-01104,EV-07,2025-06-23 14:57:04,GA,2,34.00,SUMMER25,completed
ORD-01105,EV-04,2025-06-23 15:03:07,GA,1,40.00,,completed
ORD-01106,EV-08,2025-06-23 15:09:56,GA,3,45.00,,completed
ORD-01107,EV-02,2025-06-23 15:15:47,GA,1,32.00,SUMMER25,completed
ORD-01108,EV-04,2025-06-23 15:21:48,GA,2,40.00,ONAIR10,completed
ORD-01109,EV-07,2025-06-23 15:35:05,GA,1,34.00,,completed
ORD-01110,EV-03,2025-06-23 15:45:29,GA,2,30.00,,completed
ORD-01111,EV-02,2025-06-23 15:47:34,GA,3,32.00,,completed
ORD-01112,EV-07,2025-06-23 15:54:35,GA,1,34.00,,completed
ORD-01113,EV-02,2025-06-23 15:56:02,GA,1,32.00,,completed
ORD-01114,EV-02,2025-06-23 16:09:17,GA,2,32.00,,completed
ORD-01115,EV-07,2025-06-23 16:10:09,Balcony,3,48.00,,completed
ORD-01116,EV-04,2025-06-23 16:13:09,GA,2,40.00,,completed
ORD-01117,EV-05,2025-06-23 16:18:09,GA,1,42.00,ONAIR10,completed
ORD-01118,EV-02,2025-06-23 16:19:50,Balcony,1,46.00,,completed
ORD-01119,EV-06,2025-06-23 16:21:47,GA,1,38.00,,completed
ORD-01120,EV-04,2025-06-23 16:23:27,GA,3,40.00,STUDENT10,refunded
ORD-01121,EV-02,2025-06-23 16:25:47,VIP,1,75.00,,completed
ORD-01122,EV-05,2025-06-23 16:27:05,GA,3,42.00,ONAIR10,completed
ORD-01123,EV-07,2025-06-23 16:27:54,GA,1,34.00,,completed
ORD-01124,EV-04,2025-06-23 16:28:29,GA,1,40.00,SUMMER25 ,completed
ORD-01125,EV-05,2025-06-23 16:29:45,GA,2,42.00,ENCORE,completed
ORD-01126,EV-03,2025-06-23 16:31:26,GA,3,30.00,,completed
ORD-01127,EV-01,2025-06-23 16:33:50,GA,1,36.00,ONAIR10,completed
ORD-01128,EV-05,2025-06-23 16:34:23,Balcony,2,58.00,,completed
ORD-01129,EV-01,2025-06-23 16:39:40,GA,2,36.00,,completed
ORD-01130,EV-04,2025-06-23 16:53:13,GA,4,40.00,SUMMER25,completed
ORD-01131,EV-01,2025-06-23 16:54:26,GA,2,36.00,,completed
ORD-01132,EV-06,2025-06-23 17:08:01,Balcony,5,50.00,PLAYLOUD,completed
ORD-01133,EV-01,2025-06-23 17:13:53,Balcony,1,52.00,,completed
ORD-01134,EV-02,2025-06-23 17:22:14,GA,3,32.00,ONAIR10,completed
ORD-01135,EV-08,2025-06-23 17:23:49,GA,2,45.00,SUMMER25,completed
ORD-01136,EV-06,2025-06-23 17:33:29,Balcony,2,50.00,,completed
ORD-01137,EV-02,2025-06-23 17:49:02,GA,2,32.00,ONAIR10,completed
ORD-01138,EV-05,2025-06-23 17:54:07,Balcony,6,58.00,STUDENT10,refunded
ORD-01139,EV-08,2025-06-23 18:03:26,GA,4,45.00,,completed
ORD-01140,EV-01,2025-06-23 18:09:24,Balcony,2,52.00,,completed
ORD-01141,EV-02,2025-06-23 18:10:04,GA,4,32.00,,completed
ORD-01142,EV-06,2025-06-23 18:12:51,Balcony,1,50.00,SUMMER25,completed
ORD-01143,EV-05,2025-06-23 18:13:26,GA,2,42.00,,completed
ORD-01144,EV-02,2025-06-23 18:18:57,GA,3,32.00,,completed
ORD-01145,EV-01,2025-06-23 18:19:31,GA,3,36.00,,completed
ORD-01146,EV-04,2025-06-23 18:24:35,GA,2,40.00,,completed
ORD-01147,EV-02,2025-06-23 18:24:41,GA,3,32.00,ONAIR10,completed
ORD-01148,EV-05,2025-06-23 18:30:12,GA,3,42.00,VIPNIGHT,completed
ORD-01149,EV-02,2025-06-23 18:31:07,Balcony,4,46.00,,completed
ORD-01150,EV-04,2025-06-23 18:33:48,Balcony,2,56.00,,completed
ORD-01151,EV-01,2025-06-23 18:37:44,GA,1,36.00,ONAIR10,refunded
ORD-01152,EV-08,2025-06-23 18:41:54,GA,2,45.00,,completed
ORD-01153,EV-02,2025-06-23 18:48:58,GA,6,32.00,SUMMER25,completed
ORD-01154,EV-06,2025-06-23 18:51:02,Balcony,2,50.00,STUDENT10,refunded
ORD-01155,EV-07,2025-06-23 18:51:37,VIP,3,72.00,ONAIR10,completed
ORD-01156,EV-08,2025-06-23 18:54:17,Balcony,4,62.00,,completed
ORD-01157,EV-06,2025-06-23 19:02:54,GA,3,38.00,,completed
ORD-01158,EV-04,2025-06-23 19:06:09,GA,2,40.00,,completed
ORD-01159,EV-06,2025-06-23 19:11:04,GA,4,38.00,SUMMER25,completed
ORD-01160,EV-03,2025-06-23 19:13:17,Balcony,6,44.00,,refunded
ORD-01161,EV-05,2025-06-23 19:14:36,GA,2,42.00,,completed
ORD-01162,EV-08,2025-06-23 19:14:54,Balcony,2,62.00,,completed
ORD-01163,EV-06,2025-06-23 19:15:11,GA,1,38.00,FINDUS,completed
ORD-01164,EV-06,2025-06-23 19:17:05,Balcony,1,50.00,,completed
ORD-01165,EV-01,2025-06-23 19:17:49,GA,3,36.00,SUMMER25,completed
ORD-01166,EV-05,2025-06-23 19:18:48,GA,1,42.00,,completed
ORD-01167,EV-01,2025-06-23 19:20:48,GA,1,36.00,SUMMER25,completed
ORD-01168,EV-06,2025-06-23 19:22:06,GA,2,38.00,PRESSPLAY,completed
ORD-01169,EV-04,2025-06-23 19:22:11,GA,3,40.00,,completed
ORD-01170,EV-01,2025-06-23 19:24:21,GA,4,36.00,ONAIR10,refunded
ORD-01171,EV-08,2025-06-23 19:30:09,GA,2,45.00,SUMMER25,completed
ORD-01172,EV-01,2025-06-23 19:32:24,Balcony,1,52.00,,completed
ORD-01173,EV-01,2025-06-23 19:36:25,GA,1,36.00,,completed
ORD-01174,EV-02,2025-06-23 19:37:06,GA,1,32.00,,refunded
ORD-01175,EV-08,2025-06-23 19:40:37,Balcony,2,62.00,ONAIR10,completed
ORD-01176,EV-05,2025-06-23 19:40:58,Balcony,1,58.00,,completed
ORD-01177,EV-05,2025-06-23 19:44:33,GA,2,42.00,ONAIR10,completed
ORD-01178,EV-08,2025-06-23 19:49:36,GA,1,45.00,ONAIR10,completed
ORD-01179,EV-06,2025-06-23 19:53:28,Balcony,2,50.00,,completed
ORD-01180,EV-03,2025-06-23 19:55:40,GA,3,30.00,,completed
ORD-01181,EV-06,2025-06-23 19:56:45,VIP,3,80.00,ONAIR10,completed
ORD-01182,EV-05,2025-06-23 20:04:21,Balcony,3,58.00,,completed
ORD-01183,EV-03,2025-06-23 20:06:02,Balcony,1,44.00,PLAYLOUD,refunded
ORD-01184,EV-04,2025-06-23 20:07:04,GA,6,40.00,,completed
ORD-01185,EV-04,2025-06-23 20:09:55,GA,2,40.00,,completed
ORD-01186,EV-01,2025-06-23 20:10:28,GA,3,36.00,SUMMER25,completed
ORD-01187,EV-05,2025-06-23 20:12:56,GA,1,42.00,,completed
ORD-01188,EV-04,2025-06-23 20:15:39,Balcony,2,56.00,ONAIR10,completed
ORD-01189,EV-03,2025-06-23 20:16:18,VIP,2,70.00,,completed
ORD-01190,EV-04,2025-06-23 20:16:19,GA,4,40.00,,completed
ORD-01191,EV-04,2025-06-23 20:16:23,GA,2,40.00,,completed
ORD-01192,EV-08,2025-06-23 20:17:04,GA,2,45.00,SUMMER25,completed
ORD-01193,EV-08,2025-06-23 20:20:25,GA,1,45.00,,completed
ORD-01194,EV-08,2025-06-23 20:24:33,GA,3,45.00,,completed
ORD-01195,EV-05,2025-06-23 20:27:27,GA,2,42.00,PLAYLOUD,completed
ORD-01196,EV-02,2025-06-23 20:27:41,Balcony,1,46.00,,completed
ORD-01197,EV-08,2025-06-23 20:28:39,Balcony,4,62.00,ONAIR10,completed
ORD-01198,EV-08,2025-06-23 20:33:26,GA,1,45.00,,completed
ORD-01199,EV-02,2025-06-23 20:35:25,Balcony,1,46.00,ONAIR10,completed
ORD-01200,EV-06,2025-06-23 20:40:02,Balcony,1,50.00,ONAIR10,completed
ORD-01201,EV-02,2025-06-23 20:42:04,GA,4,32.00,,completed
ORD-01202,EV-02,2025-06-23 20:42:07,GA,1,32.00,PRESSPLAY,completed
ORD-01203,EV-07,2025-06-23 20:42:54,GA,3,34.00,,completed
ORD-01204,EV-03,2025-06-23 20:43:53,GA,2,30.00,ONAIR10,completed
ORD-01205,EV-04,2025-06-23 20:50:05,Balcony,2,56.00,,completed
ORD-01206,EV-04,2025-06-23 20:51:00,VIP,5,90.00,FINDUS,completed
ORD-01207,EV-08,2025-06-23 20:51:19,GA,2,45.00,STUDENT10,completed
ORD-01208,EV-07,2025-06-23 20:54:10,Balcony,1,48.00,PLAYLOUD,completed
ORD-01209,EV-01,2025-06-23 20:55:07,GA,6,36.00,,completed
ORD-01210,EV-03,2025-06-23 20:55:45,Balcony,3,44.00,,completed
ORD-01211,EV-02,2025-06-23 20:56:06,GA,2,32.00,SUMMER25 ,completed
ORD-01212,EV-07,2025-06-23 20:57:50,GA,1,34.00,,completed
ORD-01213,EV-07,2025-06-23 20:58:32,Balcony,1,48.00,,completed
ORD-01214,EV-03,2025-06-23 20:59:29,GA,2,30.00,,completed
ORD-01215,EV-02,2025-06-23 21:01:35,Balcony,2,46.00,ONAIR10,completed
ORD-01216,EV-08,2025-06-23 21:01:58,GA,1,45.00,PLAYLOUD,completed
ORD-01217,EV-05,2025-06-23 21:02:10,Balcony,3,58.00,,completed
ORD-01218,EV-05,2025-06-23 21:04:30,GA,1,42.00,SUMMER25 ,completed
ORD-01219,EV-04,2025-06-23 21:05:51,GA,1,40.00,,completed
ORD-01220,EV-01,2025-06-23 21:08:07,GA,3,36.00,ONAIR10,completed
ORD-01221,EV-04,2025-06-23 21:12:54,GA,2,40.00,,completed
ORD-01222,EV-05,2025-06-23 21:14:18,GA,1,42.00,,completed
ORD-01223,EV-04,2025-06-23 21:20:35,Balcony,2,56.00,,completed
ORD-01224,EV-03,2025-06-23 21:21:04,GA,1,30.00,,completed
ORD-01225,EV-02,2025-06-23 21:23:51,GA,1,32.00,,completed
ORD-01226,EV-05,2025-06-23 21:24:44,VIP,2,95.00,ONAIR10,completed
ORD-01227,EV-08,2025-06-23 21:28:33,GA,2,45.00,,completed
ORD-01228,EV-07,2025-06-23 21:34:38,GA,1,34.00,PLAYLOUD,completed
ORD-01229,EV-08,2025-06-23 21:35:24,Balcony,1,62.00,ONAIR10,completed
ORD-01230,EV-04,2025-06-23 21:35:59,Balcony,3,56.00,,completed
ORD-01231,EV-04,2025-06-23 21:37:52,VIP,3,90.00,SUMMER25 ,completed
ORD-01232,EV-05,2025-06-23 21:40:09,GA,1,42.00,,completed
ORD-01233,EV-01,2025-06-23 21:43:46,GA,1,36.00,,completed
ORD-01234,EV-02,2025-06-23 21:44:18,GA,2,32.00,,refunded
ORD-01235,EV-05,2025-06-23 21:45:09,VIP,3,95.00,PLAYLOUD,completed
ORD-01236,EV-04,2025-06-23 21:45:51,GA,4,40.00, SUMMER25,completed
ORD-01237,EV-01,2025-06-23 21:49:27,GA,2,36.00,ONAIR10,completed
ORD-01238,EV-07,2025-06-23 21:49:55,Balcony,1,48.00,,completed
ORD-01239,EV-05,2025-06-23 21:50:34,GA,2,42.00,,completed
ORD-01240,EV-08,2025-06-23 21:58:00,GA,5,45.00,ONAIR10,completed
ORD-01241,EV-05,2025-06-23 21:58:21,GA,2,42.00,ONAIR10,completed
ORD-01242,EV-08,2025-06-23 22:00:00,Balcony,2,62.00,ONAIR10,refunded
ORD-01243,EV-02,2025-06-23 22:00:46,GA,3,32.00,,completed
ORD-01244,EV-05,2025-06-23 22:02:49,GA,1,42.00,ONAIR10,completed
ORD-01245,EV-06,2025-06-23 22:04:00,VIP,3,80.00,,completed
ORD-01246,EV-06,2025-06-23 22:04:49,GA,1,38.00,,completed
ORD-01247,EV-02,2025-06-23 22:05:29,GA,4,32.00,,completed
ORD-01248,EV-07,2025-06-23 22:05:32,Balcony,5,48.00,,completed
ORD-01249,EV-03,2025-06-23 22:05:53,Balcony,5,44.00,SUMMER25,completed
ORD-01250,EV-08,2025-06-23 22:13:06,GA,1,45.00,,completed
ORD-01251,EV-04,2025-06-23 22:17:59,GA,3,40.00,,completed
ORD-01252,EV-05,2025-06-23 22:22:29,GA,1,42.00,,completed
ORD-01253,EV-04,2025-06-23 22:23:40,GA,2,40.00,ONAIR10,completed
ORD-01254,EV-08,2025-06-23 22:25:28,Balcony,3,62.00,,completed
ORD-01255,EV-05,2025-06-23 22:25:36,GA,3,42.00,,completed
ORD-01256,EV-01,2025-06-23 22:26:41,GA,3,36.00,ONAIR10,completed
ORD-01257,EV-04,2025-06-23 22:28:00,Balcony,2,56.00,,completed
ORD-01258,EV-03,2025-06-23 22:32:12,VIP,2,70.00,,completed
ORD-01259,EV-04,2025-06-23 22:32:55,GA,2,40.00,ONAIR10,completed
ORD-01260,EV-08,2025-06-23 22:37:14,Balcony,2,62.00,ONAIR10,completed
ORD-01261,EV-06,2025-06-23 22:37:39,Balcony,3,50.00,,completed
ORD-01262,EV-02,2025-06-23 22:43:26,GA,1,32.00,,completed
ORD-01263,EV-02,2025-06-23 22:43:55,GA,1,32.00,PLAYLOUD,completed
ORD-01264,EV-01,2025-06-23 22:45:49,GA,1,36.00,,completed
ORD-01265,EV-06,2025-06-23 22:46:11,VIP,1,80.00,,completed
ORD-01266,EV-05,2025-06-23 22:46:17,GA,1,42.00,FINDUS,completed
ORD-01267,EV-06,2025-06-23 22:55:00,GA,2,38.00,Playloud,completed
ORD-01268,EV-02,2025-06-23 23:02:35,Balcony,4,46.00,ONAIR10,completed
ORD-01269,EV-06,2025-06-23 23:09:02,Balcony,5,50.00,,completed
ORD-01270,EV-03,2025-06-23 23:12:16,VIP,2,70.00,,completed
ORD-01271,EV-06,2025-06-23 23:50:14,GA,1,38.00,,completed
ORD-01272,EV-02,2025-06-23 23:54:40,GA,3,32.00,PLAYLOUD,refunded
ORD-01273,EV-06,2025-06-23 23:59:25,GA,2,38.00,,completed
ORD-01274,EV-08,2025-06-24 00:59:27,GA,2,45.00,,completed
ORD-01275,EV-04,2025-06-24 02:19:02,GA,1,40.00,Summer25,completed
ORD-01276,EV-08,2025-06-24 02:26:25,GA,1,45.00,,completed
ORD-01277,EV-06,2025-06-24 05:08:59,Balcony,1,50.00,SUMMER25,completed
ORD-01278,EV-04,2025-06-24 05:35:37,GA,1,40.00,,completed
ORD-01279,EV-06,2025-06-24 05:42:59,VIP,1,80.00,,completed
ORD-01280,EV-04,2025-06-24 06:03:52,Balcony,1,56.00,STUDENT10,completed
ORD-01281,EV-08,2025-06-24 07:11:06,GA,3,45.00,SUMMER25,completed
ORD-01282,EV-05,2025-06-24 07:17:23,VIP,3,95.00,,completed
ORD-01283,EV-08,2025-06-24 07:40:57,GA,1,45.00,VIPNIGHT,completed
ORD-01284,EV-04,2025-06-24 07:56:13,GA,2,40.00,,completed
ORD-01285,EV-07,2025-06-24 08:19:19,Balcony,1,48.00,PLAYLOUD,completed
ORD-01286,EV-07,2025-06-24 08:22:45,GA,1,34.00,,completed
ORD-01287,EV-06,2025-06-24 08:55:25,GA,2,38.00,,completed
ORD-01288,EV-03,2025-06-24 08:59:15,GA,2,30.00,ONAIR10,completed
ORD-01289,EV-04,2025-06-24 09:06:08,GA,1,40.00,SUMMER25,completed
ORD-01290,EV-04,2025-06-24 09:16:16,GA,2,40.00,SUMMER25,completed
ORD-01291,EV-01,2025-06-24 09:32:28,GA,2,36.00,SUMMER25,completed
ORD-01292,EV-08,2025-06-24 09:39:30,GA,6,45.00,,completed
ORD-01293,EV-08,2025-06-24 09:48:49,VIP,1,110.00,ONAIR10,completed
ORD-01294,EV-01,2025-06-24 09:55:47,Balcony,2,52.00,onair10,refunded
ORD-01295,EV-03,2025-06-24 10:10:01,GA,1,30.00,,completed
ORD-01296,EV-03,2025-06-24 10:26:31,Balcony,1,44.00,VIPNIGHT,completed
ORD-01297,EV-01,2025-06-24 10:44:07,VIP,2,85.00,,completed
ORD-01298,EV-05,2025-06-24 10:48:11,GA,2,42.00,,completed
ORD-01299,EV-07,2025-06-24 10:58:32,GA,1,34.00,FINDUS,completed
ORD-01300,EV-02,2025-06-24 10:58:37,GA,2,32.00,PLAYLOUD,completed
ORD-01301,EV-04,2025-06-24 10:59:59,GA,5,40.00,PRESSPLAY,completed
ORD-01302,EV-03,2025-06-24 11:06:47,GA,1,30.00,SUMMER25,completed
ORD-01303,EV-05,2025-06-24 11:20:03,GA,1,42.00,ONAIR10,completed
ORD-01304,EV-06,2025-06-24 11:29:38,GA,3,38.00,STUDENT10,completed
ORD-01305,EV-07,2025-06-24 11:39:26,GA,2,34.00,PLAYLOUD,completed
ORD-01306,EV-05,2025-06-24 11:39:41,GA,4,42.00,,refunded
ORD-01307,EV-05,2025-06-24 11:41:26,VIP,1,95.00,SUMMER25,completed
ORD-01308,EV-05,2025-06-24 11:47:40,GA,2,42.00,SUMMER25,completed
ORD-01309,EV-07,2025-06-24 11:48:26,GA,1,34.00,FINDUS,completed
ORD-01310,EV-07,2025-06-24 11:51:41,GA,1,34.00,FINDUS,completed
ORD-01311,EV-02,2025-06-24 12:01:09,Balcony,2,46.00,,completed
ORD-01312,EV-04,2025-06-24 12:01:11,VIP,2,90.00,ONAIR10,completed
ORD-01313,EV-05,2025-06-24 12:06:01,Balcony,2,58.00,,completed
ORD-01314,EV-04,2025-06-24 12:07:36,GA,1,40.00,,completed
ORD-01315,EV-02,2025-06-24 12:20:22,GA,3,32.00,,completed
ORD-01316,EV-08,2025-06-24 12:26:53,GA,1,45.00,,completed
ORD-01317,EV-06,2025-06-24 12:35:30,Balcony,3,50.00,STUDENT10,completed
ORD-01318,EV-02,2025-06-24 12:51:47,Balcony,3,46.00,,completed
ORD-01319,EV-02,2025-06-24 13:10:06,Balcony,2,46.00,,refunded
ORD-01320,EV-07,2025-06-24 13:28:10,GA,1,34.00,,completed
ORD-01321,EV-02,2025-06-24 13:32:17,GA,1,32.00,PLAYLOUD,completed
ORD-01322,EV-07,2025-06-24 13:36:44,Balcony,1,48.00,,completed
ORD-01323,EV-01,2025-06-24 13:40:16,GA,2,36.00,ONAIR10,completed
ORD-01324,EV-02,2025-06-24 13:43:27,GA,2,32.00,,completed
ORD-01325,EV-07,2025-06-24 13:54:14,Balcony,2,48.00,,completed
ORD-01326,EV-04,2025-06-24 14:17:38,Balcony,1,56.00,ONAIR10,completed
ORD-01327,EV-05,2025-06-24 14:49:04,GA,3,42.00,,completed
ORD-01328,EV-08,2025-06-24 14:54:00,Balcony,2,62.00,,completed
ORD-01329,EV-06,2025-06-24 14:54:41,GA,2,38.00,ONAIR10,refunded
ORD-01330,EV-05,2025-06-24 15:01:07,GA,2,42.00,,completed
ORD-01331,EV-06,2025-06-24 15:10:05,GA,3,38.00,ONAIR10,completed
ORD-01332,EV-06,2025-06-24 15:14:10,GA,3,38.00,ONAIR10,refunded
ORD-01333,EV-06,2025-06-24 15:25:05,Balcony,1,50.00,ONAIR10,completed
ORD-01334,EV-01,2025-06-24 15:39:15,GA,1,36.00,,completed
ORD-01335,EV-07,2025-06-24 15:48:11,Balcony,2,48.00,,completed
ORD-01336,EV-08,2025-06-24 15:49:48,GA,1,45.00,STUDENT10,completed
ORD-01337,EV-06,2025-06-24 16:01:53,GA,1,38.00,STREET15,completed
ORD-01338,EV-07,2025-06-24 16:14:38,GA,2,34.00,summer25,completed
ORD-01339,EV-02,2025-06-24 16:26:09,GA,1,32.00,FINDUS,completed
ORD-01340,EV-06,2025-06-24 16:32:35,GA,2,38.00,PLAYLOUD,completed
ORD-01341,EV-07,2025-06-24 16:35:48,GA,2,34.00,ONAIR10,completed
ORD-01342,EV-05,2025-06-24 16:41:10,VIP,2,95.00,summer25,completed
ORD-01343,EV-05,2025-06-24 16:41:33,Balcony,1,58.00,ONAIR10,completed
ORD-01344,EV-08,2025-06-24 16:44:12,Balcony,1,62.00,ONAIR10,refunded
ORD-01345,EV-07,2025-06-24 16:46:36,GA,2,34.00,ONAIR10,completed
ORD-01346,EV-01,2025-06-24 16:51:35,GA,3,36.00,STUDENT10,completed
ORD-01347,EV-04,2025-06-24 17:02:01,GA,5,40.00,,completed
ORD-01348,EV-07,2025-06-24 17:15:54,VIP,1,72.00,,completed
ORD-01349,EV-02,2025-06-24 17:35:05,Balcony,1,46.00,,completed
ORD-01350,EV-04,2025-06-24 17:35:25,Balcony,1,56.00,ONAIR10,completed
ORD-01351,EV-04,2025-06-24 17:36:49,GA,3,40.00,,completed
ORD-01352,EV-05,2025-06-24 17:38:53,GA,1,42.00,STREET15,completed
ORD-01353,EV-06,2025-06-24 17:40:18,GA,1,38.00,,completed
ORD-01354,EV-04,2025-06-24 17:42:39,GA,3,40.00,,completed
ORD-01355,EV-05,2025-06-24 17:43:09,GA,3,42.00,,completed
ORD-01356,EV-04,2025-06-24 17:48:40,Balcony,1,56.00,STREET15,completed
ORD-01357,EV-05,2025-06-24 17:53:38,GA,4,42.00,SUMMER25,completed
ORD-01358,EV-03,2025-06-24 17:53:46,VIP,4,70.00,,completed
ORD-01359,EV-06,2025-06-24 17:57:40,GA,5,38.00,ONAIR10,completed
ORD-01360,EV-04,2025-06-24 17:59:51,GA,1,40.00,ONAIR10,completed
ORD-01361,EV-08,2025-06-24 18:01:38,Balcony,1,62.00,STREET15,completed
ORD-01362,EV-05,2025-06-24 18:10:06,VIP,1,95.00,,refunded
ORD-01363,EV-08,2025-06-24 18:13:58,GA,1,45.00,SUMMER25 ,completed
ORD-01364,EV-06,2025-06-24 18:19:57,GA,1,38.00,,refunded
ORD-01365,EV-02,2025-06-24 18:30:10,Balcony,5,46.00, SUMMER25,completed
ORD-01366,EV-05,2025-06-24 18:30:34,GA,1,42.00,ONAIR10,completed
ORD-01367,EV-04,2025-06-24 18:43:48,GA,1,40.00,,completed
ORD-01368,EV-01,2025-06-24 18:46:54,Balcony,4,52.00,ONAIR10,completed
ORD-01369,EV-08,2025-06-24 18:49:39,GA,2,45.00,ENCORE,completed
ORD-01370,EV-04,2025-06-24 18:51:33,GA,3,40.00,,completed
ORD-01371,EV-06,2025-06-24 18:51:37,GA,3,38.00,,completed
ORD-01372,EV-01,2025-06-24 19:04:21,GA,1,36.00,,completed
ORD-01373,EV-03,2025-06-24 19:05:00,GA,2,30.00,,completed
ORD-01374,EV-04,2025-06-24 19:05:36,GA,3,40.00,ENCORE,completed
ORD-01375,EV-05,2025-06-24 19:09:20,GA,1,42.00,,completed
ORD-01376,EV-03,2025-06-24 19:09:58,GA,1,30.00,PLAYLOUD,completed
ORD-01377,EV-01,2025-06-24 19:15:03,VIP,2,85.00,ONAIR10,completed
ORD-01378,EV-02,2025-06-24 19:16:12,Balcony,4,46.00,,refunded
ORD-01379,EV-06,2025-06-24 19:17:59,GA,2,38.00,,completed
ORD-01380,EV-05,2025-06-24 19:21:09,GA,1,42.00,,completed
ORD-01381,EV-04,2025-06-24 19:24:14,GA,2,40.00,ONAIR10,completed
ORD-01382,EV-05,2025-06-24 19:26:11,GA,3,42.00,ONAIR10,completed
ORD-01383,EV-04,2025-06-24 19:31:12,GA,1,40.00,PLAYLOUD,completed
ORD-01384,EV-08,2025-06-24 19:31:18,Balcony,2,62.00, SUMMER25,refunded
ORD-01385,EV-01,2025-06-24 19:37:35,GA,1,36.00,FINDUS,completed
ORD-01386,EV-08,2025-06-24 19:37:39,GA,6,45.00,PLAYLOUD,completed
ORD-01387,EV-02,2025-06-24 19:38:38,GA,6,32.00,SUMMER25,completed
ORD-01388,EV-06,2025-06-24 19:40:09,Balcony,2,50.00,,completed
ORD-01389,EV-08,2025-06-24 19:41:20,Balcony,2,62.00,onair10,completed
ORD-01390,EV-04,2025-06-24 19:42:06,GA,3,40.00,,completed
ORD-01391,EV-01,2025-06-24 19:43:51,GA,1,36.00,ONAIR10,completed
ORD-01392,EV-02,2025-06-24 19:52:13,GA,1,32.00,FINDUS,completed
ORD-01393,EV-02,2025-06-24 19:54:58,GA,3,32.00,,completed
ORD-01394,EV-01,2025-06-24 19:57:25,VIP,2,85.00,Summer25,completed
ORD-01395,EV-04,2025-06-24 20:00:57,GA,1,40.00,,completed
ORD-01396,EV-02,2025-06-24 20:09:05,GA,2,32.00,,completed
ORD-01397,EV-05,2025-06-24 20:11:53,Balcony,3,58.00,,completed
ORD-01398,EV-04,2025-06-24 20:12:16,GA,2,40.00,STREET15,completed
ORD-01399,EV-07,2025-06-24 20:12:52,Balcony,2,48.00,,completed
ORD-01400,EV-02,2025-06-24 20:15:17,GA,4,32.00,SUMMER25,completed
ORD-01401,EV-01,2025-06-24 20:17:28,GA,1,36.00,,completed
ORD-01402,EV-04,2025-06-24 20:18:41,VIP,4,90.00,,completed
ORD-01403,EV-04,2025-06-24 20:19:35,GA,1,40.00,STUDENT10,completed
ORD-01404,EV-05,2025-06-24 20:28:13,GA,2,42.00,SUMMER25,completed
ORD-01405,EV-04,2025-06-24 20:28:23,GA,1,40.00,,completed
ORD-01406,EV-01,2025-06-24 20:30:20,GA,2,36.00,ONAIR10,completed
ORD-01407,EV-05,2025-06-24 20:33:38,GA,2,42.00,,completed
ORD-01408,EV-04,2025-06-24 20:33:58,Balcony,2,56.00,SUMMER25,completed
ORD-01409,EV-07,2025-06-24 20:35:51,GA,2,34.00,,completed
ORD-01410,EV-02,2025-06-24 20:35:55,GA,2,32.00,SUMMER25,completed
ORD-01411,EV-05,2025-06-24 20:36:59,GA,2,42.00,SUMMER25,completed
ORD-01412,EV-08,2025-06-24 20:38:24,GA,1,45.00,FINDUS,completed
ORD-01413,EV-01,2025-06-24 20:39:39,GA,1,36.00,ONAIR10,completed
ORD-01414,EV-02,2025-06-24 20:39:42,GA,2,32.00,,completed
ORD-01415,EV-06,2025-06-24 20:42:29,GA,2,38.00,STREET15,completed
ORD-01416,EV-06,2025-06-24 20:47:25,VIP,5,80.00,,completed
ORD-01417,EV-07,2025-06-24 20:47:36,GA,1,34.00,,completed
ORD-01418,EV-06,2025-06-24 20:48:15,GA,1,38.00,,completed
ORD-01419,EV-02,2025-06-24 20:51:00,GA,1,32.00,,completed
ORD-01420,EV-05,2025-06-24 20:51:06,Balcony,4,58.00,,completed
ORD-01421,EV-05,2025-06-24 20:51:13,GA,2,42.00,SUMMER25,refunded
ORD-01422,EV-06,2025-06-24 20:51:50,GA,2,38.00,,completed
ORD-01423,EV-01,2025-06-24 20:53:29,GA,2,36.00,,completed
ORD-01424,EV-05,2025-06-24 20:54:59,GA,2,42.00,ONAIR10,refunded
ORD-01425,EV-01,2025-06-24 21:01:07,Balcony,3,52.00,,completed
ORD-01426,EV-08,2025-06-24 21:06:00,VIP,2,110.00,ONAIR10,completed
ORD-01427,EV-06,2025-06-24 21:08:57,Balcony,2,50.00,STREET15,completed
ORD-01428,EV-08,2025-06-24 21:11:01,Balcony,5,62.00,SUMMER25,completed
ORD-01429,EV-08,2025-06-24 21:14:22,GA,4,45.00,,completed
ORD-01430,EV-06,2025-06-24 21:16:06,VIP,6,80.00,SUMMER25,completed
ORD-01431,EV-06,2025-06-24 21:19:53,GA,4,38.00,ONAIR10,completed
ORD-01432,EV-02,2025-06-24 21:21:45,GA,2,32.00,,completed
ORD-01433,EV-06,2025-06-24 21:28:49,VIP,1,80.00,SUMMER25,completed
ORD-01434,EV-02,2025-06-24 21:39:01,GA,2,32.00,ONAIR10,completed
ORD-01435,EV-05,2025-06-24 21:42:54,GA,4,42.00,,completed
ORD-01436,EV-06,2025-06-24 21:46:37,Balcony,1,50.00,,completed
ORD-01437,EV-08,2025-06-24 21:48:30,Balcony,1,62.00,,refunded
ORD-01438,EV-08,2025-06-24 21:55:51,GA,1,45.00,,completed
ORD-01439,EV-05,2025-06-24 21:56:26,GA,3,42.00,,completed
ORD-01440,EV-04,2025-06-24 21:59:39,GA,5,40.00,SUMMER25,completed
ORD-01441,EV-07,2025-06-24 21:59:40,Balcony,1,48.00,,refunded
ORD-01442,EV-02,2025-06-24 22:04:33,GA,2,32.00,SUMMER25,refunded
ORD-01443,EV-06,2025-06-24 22:05:36,Balcony,3,50.00,PLAYLOUD,completed
ORD-01444,EV-07,2025-06-24 22:10:09,GA,2,34.00,,completed
ORD-01445,EV-03,2025-06-24 22:10:46,GA,1,30.00,SUMMER25,completed
ORD-01446,EV-03,2025-06-24 22:13:38,GA,2,30.00,,refunded
ORD-01447,EV-02,2025-06-24 22:16:22,GA,1,32.00,ONAIR10,completed
ORD-01448,EV-05,2025-06-24 22:16:39,GA,2,42.00,PRESSPLAY,completed
ORD-01449,EV-03,2025-06-24 22:19:10,GA,2,30.00,STREET15,completed
ORD-01450,EV-04,2025-06-24 22:33:58,Balcony,4,56.00,ONAIR10,completed
ORD-01451,EV-06,2025-06-24 22:45:28,GA,1,38.00,SUMMER25,refunded
ORD-01452,EV-06,2025-06-24 22:48:38,GA,6,38.00,,completed
ORD-01453,EV-05,2025-06-24 22:50:07,Balcony,2,58.00,,completed
ORD-01454,EV-06,2025-06-24 22:51:05,GA,1,38.00,SUMMER25,completed
ORD-01455,EV-06,2025-06-24 22:53:27,GA,1,38.00,ONAIR10,completed
ORD-01456,EV-06,2025-06-24 22:57:58,GA,2,38.00,,completed
ORD-01457,EV-02,2025-06-24 23:09:07,GA,2,32.00,STREET15,completed
ORD-01458,EV-04,2025-06-24 23:14:01,GA,2,40.00,,completed
ORD-01459,EV-05,2025-06-24 23:20:06,GA,1,42.00,,completed
ORD-01460,EV-07,2025-06-24 23:21:56,GA,2,34.00,SUMMER25 ,completed
ORD-01461,EV-08,2025-06-24 23:28:01,Balcony,1,62.00,,completed
ORD-01462,EV-07,2025-06-24 23:30:45,VIP,2,72.00,,completed
ORD-01463,EV-01,2025-06-24 23:31:02,Balcony,2,52.00,,completed
ORD-01464,EV-08,2025-06-24 23:56:10,GA,2,45.00,STREET15,completed
ORD-01465,EV-02,2025-06-25 00:22:53,GA,2,32.00,,completed
ORD-01466,EV-04,2025-06-25 03:13:29,GA,1,40.00,,completed
ORD-01467,EV-05,2025-06-25 03:41:42,GA,1,42.00,,completed
ORD-01468,EV-02,2025-06-25 03:55:43,VIP,2,75.00,,completed
ORD-01469,EV-01,2025-06-25 04:35:59,GA,1,36.00,ONAIR10,completed
ORD-01470,EV-06,2025-06-25 06:51:42,GA,1,38.00,,completed
ORD-01471,EV-06,2025-06-25 06:51:46,GA,1,38.00,,completed
ORD-01472,EV-02,2025-06-25 07:08:11,GA,1,32.00,,completed
ORD-01473,EV-07,2025-06-25 07:08:53,GA,1,34.00,ONAIR10,completed
ORD-01474,EV-08,2025-06-25 07:29:51,GA,2,45.00,,completed
ORD-01475,EV-01,2025-06-25 07:30:54,VIP,2,85.00,ONAIR10,completed
ORD-01476,EV-05,2025-06-25 07:49:28,Balcony,1,58.00,,completed
ORD-01477,EV-01,2025-06-25 08:02:53,GA,4,36.00,SUMMER25,completed
ORD-01478,EV-06,2025-06-25 08:05:33,GA,4,38.00,,completed
ORD-01479,EV-01,2025-06-25 08:08:33,Balcony,4,52.00,ONAIR10,completed
ORD-01480,EV-04,2025-06-25 09:06:53,Balcony,4,56.00,,completed
ORD-01481,EV-05,2025-06-25 09:28:48,GA,1,42.00,,completed
ORD-01482,EV-03,2025-06-25 09:29:27,Balcony,4,44.00,ONAIR10,completed
ORD-01483,EV-02,2025-06-25 09:35:25,GA,1,32.00,,completed
ORD-01484,EV-06,2025-06-25 09:47:13,Balcony,3,50.00,STREET15,completed
ORD-01485,EV-07,2025-06-25 09:57:18,Balcony,2,48.00,SUMMER25,completed
ORD-01486,EV-04,2025-06-25 10:26:52,GA,2,40.00,ONAIR10,completed
ORD-01487,EV-04,2025-06-25 10:30:59,GA,2,40.00,,completed
ORD-01488,EV-07,2025-06-25 10:32:54,VIP,2,72.00,,completed
ORD-01489,EV-02,2025-06-25 10:41:19,GA,4,32.00,,completed
ORD-01490,EV-06,2025-06-25 10:42:29,GA,4,38.00,,completed
ORD-01491,EV-03,2025-06-25 11:03:09,GA,2,30.00,STUDENT10,completed
ORD-01492,EV-04,2025-06-25 11:18:05,GA,2,40.00,ENCORE,completed
ORD-01493,EV-05,2025-06-25 11:19:03,Balcony,3,58.00,SUMMER25,completed
ORD-01494,EV-04,2025-06-25 11:21:57,Balcony,2,56.00,,completed
ORD-01495,EV-02,2025-06-25 11:43:46,GA,2,32.00,PLAYLOUD,completed
ORD-01496,EV-05,2025-06-25 11:44:57,GA,6,42.00,,completed
ORD-01497,EV-06,2025-06-25 12:04:03,Balcony,2,50.00,FINDUS,completed
ORD-01498,EV-01,2025-06-25 12:35:08,GA,3,36.00,ONAIR10,refunded
ORD-01499,EV-01,2025-06-25 12:54:40,Balcony,3,52.00,,completed
ORD-01500,EV-06,2025-06-25 13:06:25,Balcony,3,50.00,STREET15,completed
ORD-01501,EV-06,2025-06-25 13:08:02,GA,1,38.00,,completed
ORD-01502,EV-05,2025-06-25 13:16:52,Balcony,1,58.00,STUDENT10,completed
ORD-01503,EV-07,2025-06-25 13:19:49,GA,6,34.00,,completed
ORD-01504,EV-01,2025-06-25 13:28:56,Balcony,2,52.00,,completed
ORD-01505,EV-06,2025-06-25 13:39:38,VIP,2,80.00,,completed
ORD-01506,EV-01,2025-06-25 13:49:10,GA,1,36.00,SUMMER25,completed
ORD-01507,EV-04,2025-06-25 13:56:43,GA,2,40.00,ONAIR10,completed
ORD-01508,EV-08,2025-06-25 13:59:00,GA,4,45.00,,completed
ORD-01509,EV-02,2025-06-25 14:02:50,GA,1,32.00,summer25,completed
ORD-01510,EV-06,2025-06-25 14:04:33,Balcony,6,50.00,,completed
ORD-01511,EV-06,2025-06-25 14:07:54,GA,6,38.00,FINDUS,completed
ORD-01512,EV-01,2025-06-25 14:14:47,GA,2,36.00,FINDUS,completed
ORD-01513,EV-05,2025-06-25 14:34:15,GA,2,42.00,FINDUS,refunded
ORD-01514,EV-07,2025-06-25 14:37:28,GA,2,34.00,ONAIR10,completed
ORD-01515,EV-05,2025-06-25 14:53:23,GA,3,42.00,ONAIR10,completed
ORD-01516,EV-06,2025-06-25 14:55:58,GA,2,38.00,,completed
ORD-01517,EV-02,2025-06-25 15:06:03,GA,4,32.00,SUMMER25,completed
ORD-01518,EV-01,2025-06-25 15:13:23,GA,3,36.00,ONAIR10,completed
ORD-01519,EV-05,2025-06-25 15:16:29,GA,1,42.00,,completed
ORD-01520,EV-01,2025-06-25 15:17:14,GA,3,36.00,FINDUS,completed
ORD-01521,EV-02,2025-06-25 15:20:10,GA,6,32.00,FINDUS,completed
ORD-01522,EV-02,2025-06-25 15:22:30,Balcony,2,46.00,,completed
ORD-01523,EV-02,2025-06-25 15:30:29,Balcony,1,46.00,,completed
ORD-01524,EV-01,2025-06-25 15:37:23,Balcony,1,52.00,SUMMER25,completed
ORD-01525,EV-08,2025-06-25 15:40:38,VIP,1,110.00,ONAIR10,completed
ORD-01526,EV-02,2025-06-25 15:41:42,GA,2,32.00,PLAYLOUD,completed
ORD-01527,EV-05,2025-06-25 15:45:30,Balcony,2,58.00,GENREGEM,completed
ORD-01528,EV-03,2025-06-25 15:57:18,VIP,2,70.00,GENREGEM,completed
ORD-01529,EV-02,2025-06-25 16:25:25,GA,1,32.00,ONAIR10,completed
ORD-01530,EV-05,2025-06-25 16:34:06,GA,2,42.00,,completed
ORD-01531,EV-06,2025-06-25 16:42:45,GA,1,38.00,,completed
ORD-01532,EV-01,2025-06-25 16:43:14,Balcony,1,52.00,,completed
ORD-01533,EV-02,2025-06-25 16:45:14,Balcony,2,46.00,ONAIR10,completed
ORD-01534,EV-08,2025-06-25 17:01:11,VIP,1,110.00,FINDUS,completed
ORD-01535,EV-05,2025-06-25 17:09:35,GA,2,42.00,,completed
ORD-01536,EV-04,2025-06-25 17:10:05,GA,1,40.00,,completed
ORD-01537,EV-02,2025-06-25 17:11:56,GA,2,32.00,vipnight,completed
ORD-01538,EV-07,2025-06-25 17:15:05,GA,2,34.00,,completed
ORD-01539,EV-02,2025-06-25 17:20:43,GA,1,32.00,FINDUS,completed
ORD-01540,EV-01,2025-06-25 17:25:15,GA,4,36.00,,completed
ORD-01541,EV-04,2025-06-25 17:26:17,GA,1,40.00,ONAIR10,completed
ORD-01542,EV-01,2025-06-25 17:32:51,Balcony,3,52.00,,completed
ORD-01543,EV-04,2025-06-25 17:37:08,Balcony,3,56.00,,completed
ORD-01544,EV-06,2025-06-25 17:38:33,GA,3,38.00,SUMMER25,completed
ORD-01545,EV-07,2025-06-25 17:39:23,GA,2,34.00,,refunded
ORD-01546,EV-02,2025-06-25 17:46:44,GA,2,32.00,GENREGEM,completed
ORD-01547,EV-02,2025-06-25 17:48:37,Balcony,1,46.00,,completed
ORD-01548,EV-04,2025-06-25 17:50:56,Balcony,4,56.00,SUMMER25 ,completed
ORD-01549,EV-08,2025-06-25 17:52:15,Balcony,1,62.00,Onair10,completed
ORD-01550,EV-01,2025-06-25 17:53:40,Balcony,5,52.00,SUMMER25,completed
ORD-01551,EV-05,2025-06-25 17:55:28,GA,1,42.00,PRESSPLAY,completed
ORD-01552,EV-06,2025-06-25 17:59:07,GA,2,38.00,Vipnight,completed
ORD-01553,EV-08,2025-06-25 18:06:48,GA,2,45.00,SUMMER25,completed
ORD-01554,EV-04,2025-06-25 18:17:41,VIP,1,90.00,SUMMER25,completed
ORD-01555,EV-05,2025-06-25 18:18:39,Balcony,1,58.00,ONAIR10,completed
ORD-01556,EV-03,2025-06-25 18:25:55,GA,2,30.00,,completed
ORD-01557,EV-06,2025-06-25 18:40:03,Balcony,2,50.00,SUMMER25,completed
ORD-01558,EV-08,2025-06-25 18:42:15,GA,1,45.00,ONAIR10,completed
ORD-01559,EV-05,2025-06-25 18:42:19,GA,1,42.00,STREET15,completed
ORD-01560,EV-04,2025-06-25 18:54:41,GA,2,40.00,,completed
ORD-01561,EV-05,2025-06-25 19:00:19,GA,3,42.00,,completed
ORD-01562,EV-05,2025-06-25 19:03:45,Balcony,2,58.00,,completed
ORD-01563,EV-03,2025-06-25 19:05:19,GA,1,30.00,,completed
ORD-01564,EV-01,2025-06-25 19:06:44,GA,2,36.00,,completed
ORD-01565,EV-08,2025-06-25 19:07:00,VIP,1,110.00,GENREGEM,completed
ORD-01566,EV-02,2025-06-25 19:07:42,GA,1,32.00,ONAIR10,completed
ORD-01567,EV-08,2025-06-25 19:08:31,VIP,5,110.00,,completed
ORD-01568,EV-08,2025-06-25 19:10:01,GA,1,45.00,PLAYLOUD,completed
ORD-01569,EV-08,2025-06-25 19:12:35,Balcony,2,62.00,,completed
ORD-01570,EV-02,2025-06-25 19:18:48,GA,2,32.00,ONAIR10,completed
ORD-01571,EV-01,2025-06-25 19:20:24,GA,1,36.00,PRESSPLAY,completed
ORD-01572,EV-05,2025-06-25 19:21:26,Balcony,3,58.00,,completed
ORD-01573,EV-02,2025-06-25 19:28:02,GA,1,32.00,ONAIR10,completed
ORD-01574,EV-02,2025-06-25 19:30:02,VIP,4,75.00,,refunded
ORD-01575,EV-02,2025-06-25 19:30:09,GA,2,32.00,SUMMER25,completed
ORD-01576,EV-08,2025-06-25 19:36:49,GA,2,45.00,ONAIR10,completed
ORD-01577,EV-05,2025-06-25 19:40:39,VIP,2,95.00,,completed
ORD-01578,EV-01,2025-06-25 19:41:04,GA,1,36.00,,completed
ORD-01579,EV-02,2025-06-25 19:48:43,GA,2,32.00,,completed
ORD-01580,EV-08,2025-06-25 19:49:16,GA,2,45.00,,completed
ORD-01581,EV-05,2025-06-25 19:57:30,GA,2,42.00,,completed
ORD-01582,EV-06,2025-06-25 19:57:33,GA,1,38.00,ONAIR10,completed
ORD-01583,EV-06,2025-06-25 20:00:59,GA,2,38.00,GENREGEM,completed
ORD-01584,EV-01,2025-06-25 20:03:42,GA,2,36.00,,completed
ORD-01585,EV-07,2025-06-25 20:04:04,Balcony,2,48.00,,completed
ORD-01586,EV-03,2025-06-25 20:06:34,Balcony,2,44.00,,completed
ORD-01587,EV-01,2025-06-25 20:08:40,GA,1,36.00,SUMMER25,completed
ORD-01588,EV-03,2025-06-25 20:08:56,VIP,1,70.00,,completed
ORD-01589,EV-01,2025-06-25 20:11:07,GA,2,36.00,,completed
ORD-01590,EV-01,2025-06-25 20:18:32,GA,3,36.00,summer25,completed
ORD-01591,EV-02,2025-06-25 20:18:41,GA,3,32.00,,completed
ORD-01592,EV-05,2025-06-25 20:21:59,GA,3,42.00,,completed
ORD-01593,EV-01,2025-06-25 20:23:02,Balcony,2,52.00,,completed
ORD-01594,EV-02,2025-06-25 20:30:35,GA,2,32.00,,completed
ORD-01595,EV-03,2025-06-25 20:33:21,GA,2,30.00,ONAIR10,completed
ORD-01596,EV-01,2025-06-25 20:38:55,Balcony,3,52.00,FINDUS,completed
ORD-01597,EV-03,2025-06-25 20:41:41,Balcony,2,44.00,ONAIR10,completed
ORD-01598,EV-04,2025-06-25 20:42:28,Balcony,1,56.00,GENREGEM,completed
ORD-01599,EV-05,2025-06-25 20:45:25,GA,3,42.00,,refunded
ORD-01600,EV-03,2025-06-25 20:47:23,GA,2,30.00,,completed
ORD-01601,EV-07,2025-06-25 20:48:43,Balcony,1,48.00,,completed
ORD-01602,EV-04,2025-06-25 20:56:59,GA,1,40.00,ONAIR10,completed
ORD-01603,EV-08,2025-06-25 21:02:51,GA,2,45.00,,refunded
ORD-01604,EV-04,2025-06-25 21:04:07,VIP,5,90.00,PRESSPLAY,completed
ORD-01605,EV-04,2025-06-25 21:19:40,Balcony,2,56.00,,completed
ORD-01606,EV-01,2025-06-25 21:20:42,VIP,2,85.00,SUMMER25,refunded
ORD-01607,EV-05,2025-06-25 21:29:28,Balcony,1,58.00,FINDUS,completed
ORD-01608,EV-07,2025-06-25 21:34:24,Balcony,2,48.00,SUMMER25,completed
ORD-01609,EV-05,2025-06-25 21:37:20,GA,1,42.00,GENREGEM,completed
ORD-01610,EV-08,2025-06-25 21:38:47,VIP,1,110.00,,completed
ORD-01611,EV-03,2025-06-25 21:39:50,GA,1,30.00,SUMMER25,completed
ORD-01612,EV-05,2025-06-25 21:41:02,GA,5,42.00,ONAIR10,completed
ORD-01613,EV-01,2025-06-25 21:42:45,Balcony,1,52.00,SUMMER25,refunded
ORD-01614,EV-08,2025-06-25 21:44:32,Balcony,3,62.00,,completed
ORD-01615,EV-01,2025-06-25 21:44:38,GA,1,36.00,,completed
ORD-01616,EV-04,2025-06-25 21:46:47,Balcony,2,56.00,,completed
ORD-01617,EV-04,2025-06-25 21:54:49,GA,5,40.00,PLAYLOUD,completed
ORD-01618,EV-05,2025-06-25 21:59:28,GA,1,42.00,SUMMER25,completed
ORD-01619,EV-08,2025-06-25 22:03:41,GA,2,45.00,,refunded
ORD-01620,EV-01,2025-06-25 22:03:50,Balcony,1,52.00,,completed
ORD-01621,EV-03,2025-06-25 22:09:07,GA,2,30.00,,completed
ORD-01622,EV-08,2025-06-25 22:10:55,Balcony,5,62.00,ONAIR10,completed
ORD-01623,EV-07,2025-06-25 22:19:32,VIP,2,72.00,ONAIR10,completed
ORD-01624,EV-06,2025-06-25 22:21:20,GA,1,38.00,ONAIR10,completed
ORD-01625,EV-02,2025-06-25 22:34:52,GA,3,32.00,,completed
ORD-01626,EV-05,2025-06-25 22:36:36,GA,3,42.00,SUMMER25,completed
ORD-01627,EV-02,2025-06-25 22:40:19,GA,2,32.00,STREET15,refunded
ORD-01628,EV-04,2025-06-25 22:41:47,GA,1,40.00,ONAIR10,completed
ORD-01629,EV-01,2025-06-25 22:49:04,GA,2,36.00,,completed
ORD-01630,EV-07,2025-06-25 22:53:51,GA,1,34.00,,completed
ORD-01631,EV-03,2025-06-25 22:59:36,GA,2,30.00,STREET15,completed
ORD-01632,EV-04,2025-06-25 23:13:25,Balcony,2,56.00,ONAIR10,completed
ORD-01633,EV-06,2025-06-25 23:21:01,GA,3,38.00,FINDUS,completed
ORD-01634,EV-06,2025-06-25 23:23:18,GA,1,38.00,,completed
ORD-01635,EV-02,2025-06-25 23:26:02,Balcony,1,46.00,,completed
ORD-01636,EV-01,2025-06-25 23:37:19,GA,3,36.00,ENCORE,completed
ORD-01637,EV-01,2025-06-25 23:41:26,GA,2,36.00,SUMMER25 ,completed
ORD-01638,EV-01,2025-06-25 23:54:51,GA,5,36.00,ONAIR10,completed
ORD-01639,EV-01,2025-06-26 00:30:04,GA,1,36.00,,completed
ORD-01640,EV-05,2025-06-26 01:26:30,GA,2,42.00,,completed
ORD-01641,EV-04,2025-06-26 03:49:05,GA,2,40.00,,completed
ORD-01642,EV-07,2025-06-26 04:45:52,GA,1,34.00,,completed
ORD-01643,EV-07,2025-06-26 05:06:48,VIP,1,72.00,,completed
ORD-01644,EV-02,2025-06-26 05:25:26,GA,1,32.00,ONAIR10,completed
ORD-01645,EV-01,2025-06-26 08:04:57,GA,2,36.00,,completed
ORD-01646,EV-05,2025-06-26 08:05:16,GA,1,42.00,SUMMER25 ,completed
ORD-01647,EV-07,2025-06-26 08:23:40,Balcony,2,48.00,,completed
ORD-01648,EV-02,2025-06-26 08:54:04,GA,2,32.00,,completed
ORD-01649,EV-03,2025-06-26 09:08:00,Balcony,5,44.00,,completed
ORD-01650,EV-07,2025-06-26 09:36:49,Balcony,2,48.00,,completed
ORD-01651,EV-02,2025-06-26 09:45:28,Balcony,2,46.00,SUMMER25,completed
ORD-01652,EV-08,2025-06-26 09:55:25,GA,3,45.00,,completed
ORD-01653,EV-03,2025-06-26 09:56:21,VIP,2,70.00,,refunded
ORD-01654,EV-01,2025-06-26 10:02:02,Balcony,2,52.00,,refunded
ORD-01655,EV-01,2025-06-26 10:06:25,Balcony,1,52.00,PLAYLOUD,completed
ORD-01656,EV-07,2025-06-26 10:10:06,Balcony,4,48.00,,completed
ORD-01657,EV-01,2025-06-26 10:10:44,GA,5,36.00,,completed
ORD-01658,EV-08,2025-06-26 10:23:14,GA,1,45.00,,completed
ORD-01659,EV-03,2025-06-26 10:34:27,Balcony,1,44.00,FINDUS ,completed
ORD-01660,EV-03,2025-06-26 10:41:23,GA,2,30.00,,refunded
ORD-01661,EV-06,2025-06-26 10:47:52,GA,3,38.00,ONAIR10,completed
ORD-01662,EV-01,2025-06-26 11:09:45,GA,1,36.00,SUMMER25,completed
ORD-01663,EV-02,2025-06-26 11:10:11,VIP,6,75.00,,completed
ORD-01664,EV-03,2025-06-26 11:11:40,GA,4,30.00,PRESSPLAY,completed
ORD-01665,EV-02,2025-06-26 11:12:06,Balcony,3,46.00,,completed
ORD-01666,EV-02,2025-06-26 11:18:20,Balcony,1,46.00,,completed
ORD-01667,EV-05,2025-06-26 11:20:38,Balcony,2,58.00,onair10,completed
ORD-01668,EV-01,2025-06-26 11:24:17,Balcony,2,52.00,SUMMER25,completed
ORD-01669,EV-05,2025-06-26 11:28:55,GA,3,42.00,,completed
ORD-01670,EV-06,2025-06-26 11:30:00,GA,2,38.00,,completed
ORD-01671,EV-01,2025-06-26 11:47:15,GA,3,36.00,ONAIR10,completed
ORD-01672,EV-03,2025-06-26 11:55:03,VIP,6,70.00,ONAIR10,completed
ORD-01673,EV-05,2025-06-26 12:08:18,Balcony,1,58.00,,completed
ORD-01674,EV-05,2025-06-26 12:08:36,Balcony,1,58.00,Summer25,completed
ORD-01675,EV-01,2025-06-26 12:24:34,GA,1,36.00,,completed
ORD-01676,EV-07,2025-06-26 12:27:40,Balcony,2,48.00,ONAIR10,completed
ORD-01677,EV-08,2025-06-26 12:28:27,Balcony,1,62.00,,completed
ORD-01678,EV-08,2025-06-26 12:32:42,Balcony,1,62.00,,completed
ORD-01679,EV-07,2025-06-26 12:33:38,Balcony,3,48.00,,completed
ORD-01680,EV-05,2025-06-26 12:37:40,GA,1,42.00,,completed
ORD-01681,EV-06,2025-06-26 12:48:21,GA,1,38.00,,refunded
ORD-01682,EV-04,2025-06-26 12:51:47,GA,1,40.00,,completed
ORD-01683,EV-02,2025-06-26 12:53:56,GA,1,32.00,FINDUS,refunded
ORD-01684,EV-08,2025-06-26 13:01:07,GA,3,45.00,,completed
ORD-01685,EV-01,2025-06-26 13:07:56,GA,1,36.00,SUMMER25,completed
ORD-01686,EV-02,2025-06-26 13:20:10,GA,4,32.00,,completed
ORD-01687,EV-03,2025-06-26 13:36:04,GA,1,30.00,SUMMER25,completed
ORD-01688,EV-06,2025-06-26 13:36:41,GA,1,38.00,GENREGEM,completed
ORD-01689,EV-01,2025-06-26 13:55:02,GA,2,36.00,,completed
ORD-01690,EV-03,2025-06-26 14:05:52,GA,3,30.00,,completed
ORD-01691,EV-05,2025-06-26 14:16:01,GA,2,42.00,PRESSPLAY,completed
ORD-01692,EV-05,2025-06-26 14:16:36,Balcony,1,58.00,,completed
ORD-01693,EV-01,2025-06-26 14:17:54,GA,2,36.00,,completed
ORD-01694,EV-02,2025-06-26 14:18:05,GA,2,32.00,PLAYLOUD,completed
ORD-01695,EV-01,2025-06-26 15:03:50,GA,2,36.00,,completed
ORD-01696,EV-01,2025-06-26 15:15:19,Balcony,4,52.00,ONAIR10,completed
ORD-01697,EV-01,2025-06-26 15:19:56,Balcony,1,52.00,,completed
ORD-01698,EV-05,2025-06-26 15:29:12,Balcony,3,58.00,,completed
ORD-01699,EV-02,2025-06-26 15:34:01,Balcony,3,46.00,,completed
ORD-01700,EV-08,2025-06-26 15:42:59,GA,1,45.00,,completed
ORD-01701,EV-01,2025-06-26 15:44:29,GA,2,36.00,VIPNIGHT,completed
ORD-01702,EV-04,2025-06-26 15:46:12,VIP,1,90.00,,completed
ORD-01703,EV-03,2025-06-26 15:46:29,Balcony,1,44.00,SUMMER25,completed
ORD-01704,EV-08,2025-06-26 15:46:44,GA,2,45.00,,completed
ORD-01705,EV-01,2025-06-26 16:06:27,Balcony,2,52.00,,completed
ORD-01706,EV-01,2025-06-26 16:09:13,Balcony,1,52.00,ONAIR10,completed
ORD-01707,EV-08,2025-06-26 16:10:27,GA,2,45.00,,completed
ORD-01708,EV-04,2025-06-26 16:11:53,Balcony,2,56.00,,completed
ORD-01709,EV-04,2025-06-26 16:27:43,Balcony,1,56.00,,completed
ORD-01710,EV-08,2025-06-26 16:31:22,Balcony,5,62.00,FINDUS,completed
ORD-01711,EV-03,2025-06-26 16:41:16,GA,2,30.00,,completed
ORD-01712,EV-07,2025-06-26 16:42:33,GA,2,34.00,STUDENT10,completed
ORD-01713,EV-04,2025-06-26 16:45:05,VIP,5,90.00,,completed
ORD-01714,EV-04,2025-06-26 17:00:06,GA,1,40.00,GENREGEM,completed
ORD-01715,EV-05,2025-06-26 17:01:55,Balcony,2,58.00,GENREGEM,completed
ORD-01716,EV-08,2025-06-26 17:10:53,GA,1,45.00,,completed
ORD-01717,EV-01,2025-06-26 17:14:34,GA,2,36.00,,completed
ORD-01718,EV-03,2025-06-26 17:16:07,GA,2,30.00,,completed
ORD-01719,EV-02,2025-06-26 17:19:46,GA,4,32.00,ONAIR10,completed
ORD-01720,EV-07,2025-06-26 17:21:37,GA,2,34.00,,completed
ORD-01721,EV-08,2025-06-26 17:21:57,GA,5,45.00,,completed
ORD-01722,EV-01,2025-06-26 17:37:25,GA,3,36.00,SUMMER25,completed
ORD-01723,EV-05,2025-06-26 17:40:33,GA,2,42.00,,completed
ORD-01724,EV-04,2025-06-26 17:41:16,Balcony,3,56.00,,completed
ORD-01725,EV-01,2025-06-26 17:42:41,VIP,3,85.00,ONAIR10,completed
ORD-01726,EV-03,2025-06-26 18:08:13,GA,1,30.00,STREET15,completed
ORD-01727,EV-05,2025-06-26 18:09:53,VIP,1,95.00,ONAIR10,completed
ORD-01728,EV-02,2025-06-26 18:12:12,VIP,5,75.00,,completed
ORD-01729,EV-05,2025-06-26 18:18:14,GA,1,42.00,,completed
ORD-01730,EV-07,2025-06-26 18:24:38,GA,1,34.00,SUMMER25,completed
ORD-01731,EV-06,2025-06-26 18:28:59,GA,1,38.00,,completed
ORD-01732,EV-04,2025-06-26 18:29:09,GA,1,40.00,FINDUS,completed
ORD-01733,EV-05,2025-06-26 18:31:19,GA,3,42.00,,completed
ORD-01734,EV-01,2025-06-26 18:34:00,GA,2,36.00,SUMMER25,completed
ORD-01735,EV-03,2025-06-26 18:42:44,GA,2,30.00,,completed
ORD-01736,EV-05,2025-06-26 18:49:09,Balcony,3,58.00,FINDUS,completed
ORD-01737,EV-03,2025-06-26 18:50:11,GA,3,30.00,ONAIR10,completed
ORD-01738,EV-04,2025-06-26 19:04:46,GA,1,40.00,ONAIR10,completed
ORD-01739,EV-01,2025-06-26 19:07:04,VIP,1,85.00,ONAIR10,completed
ORD-01740,EV-08,2025-06-26 19:13:19,GA,3,45.00,SUMMER25,completed
ORD-01741,EV-05,2025-06-26 19:22:06,Balcony,3,58.00,,completed
ORD-01742,EV-06,2025-06-26 19:22:19,GA,1,38.00,,completed
ORD-01743,EV-04,2025-06-26 19:22:57,Balcony,4,56.00,,completed
ORD-01744,EV-01,2025-06-26 19:24:22,Balcony,1,52.00,FINDUS,refunded
ORD-01745,EV-06,2025-06-26 19:30:05,GA,1,38.00,,completed
ORD-01746,EV-06,2025-06-26 19:31:01,Balcony,2,50.00,,completed
ORD-01747,EV-01,2025-06-26 19:31:28,Balcony,2,52.00,ONAIR10,completed
ORD-01748,EV-04,2025-06-26 19:32:23,Balcony,1,56.00,STREET15,completed
ORD-01749,EV-05,2025-06-26 19:34:04,GA,1,42.00,,completed
ORD-01750,EV-01,2025-06-26 19:36:50,GA,2,36.00,STUDENT10,completed
ORD-01751,EV-04,2025-06-26 19:45:57,GA,1,40.00,,completed
ORD-01752,EV-05,2025-06-26 19:49:50,GA,3,42.00,,completed
ORD-01753,EV-08,2025-06-26 19:50:22,GA,1,45.00,GENREGEM,completed
ORD-01754,EV-02,2025-06-26 19:54:49,GA,1,32.00,FINDUS,completed
ORD-01755,EV-03,2025-06-26 19:55:20,Balcony,1,44.00,,completed
ORD-01756,EV-02,2025-06-26 19:56:59,Balcony,2,46.00,STUDENT10,completed
ORD-01757,EV-02,2025-06-26 19:57:05,GA,1,32.00,PRESSPLAY,refunded
ORD-01758,EV-08,2025-06-26 19:59:56,Balcony,1,62.00,,completed
ORD-01759,EV-08,2025-06-26 20:00:31,GA,1,45.00,,completed
ORD-01760,EV-01,2025-06-26 20:01:11,Balcony,2,52.00,ONAIR10,completed
ORD-01761,EV-05,2025-06-26 20:04:45,GA,1,42.00,SUMMER25,completed
ORD-01762,EV-08,2025-06-26 20:08:57,Balcony,1,62.00,,completed
ORD-01763,EV-08,2025-06-26 20:09:37,GA,6,45.00,,completed
ORD-01764,EV-08,2025-06-26 20:09:52,Balcony,1,62.00,,completed
ORD-01765,EV-06,2025-06-26 20:12:52,GA,1,38.00,,completed
ORD-01766,EV-06,2025-06-26 20:18:19,GA,2,38.00,SUMMER25,completed
ORD-01767,EV-02,2025-06-26 20:20:17,VIP,1,75.00,,completed
ORD-01768,EV-06,2025-06-26 20:23:42,GA,1,38.00,FINDUS,completed
ORD-01769,EV-05,2025-06-26 20:27:33,VIP,1,95.00, VIPNIGHT,completed
ORD-01770,EV-01,2025-06-26 20:29:04,GA,1,36.00,,completed
ORD-01771,EV-04,2025-06-26 20:29:47,GA,1,40.00,,completed
ORD-01772,EV-05,2025-06-26 20:30:13,GA,1,42.00,,completed
ORD-01773,EV-03,2025-06-26 20:34:57,GA,2,30.00,SUMMER25,completed
ORD-01774,EV-02,2025-06-26 20:36:58,VIP,2,75.00,GENREGEM,completed
ORD-01775,EV-04,2025-06-26 20:39:05,GA,4,40.00,,completed
ORD-01776,EV-07,2025-06-26 20:41:05,VIP,1,72.00,PRESSPLAY,completed
ORD-01777,EV-03,2025-06-26 20:41:48,GA,1,30.00,,completed
ORD-01778,EV-07,2025-06-26 20:42:38,Balcony,1,48.00,STREET15,completed
ORD-01779,EV-08,2025-06-26 20:47:09,GA,6,45.00,PLAYLOUD,completed
ORD-01780,EV-05,2025-06-26 20:48:16,GA,2,42.00,FINDUS,refunded
ORD-01781,EV-07,2025-06-26 20:49:21,Balcony,2,48.00,,completed
ORD-01782,EV-04,2025-06-26 20:54:17,GA,2,40.00,STUDENT10,completed
ORD-01783,EV-01,2025-06-26 20:58:38,GA,2,36.00,,completed
ORD-01784,EV-02,2025-06-26 20:58:43,GA,1,32.00,,completed
ORD-01785,EV-05,2025-06-26 21:00:19,GA,2,42.00,,completed
ORD-01786,EV-05,2025-06-26 21:05:49,GA,2,42.00,,completed
ORD-01787,EV-01,2025-06-26 21:06:15,Balcony,2,52.00,PLAYLOUD,completed
ORD-01788,EV-01,2025-06-26 21:08:02,GA,4,36.00,,completed
ORD-01789,EV-04,2025-06-26 21:16:40,GA,2,40.00,,completed
ORD-01790,EV-07,2025-06-26 21:21:14,GA,1,34.00,,completed
ORD-01791,EV-03,2025-06-26 21:22:16,GA,2,30.00,,refunded
ORD-01792,EV-02,2025-06-26 21:31:21,VIP,2,75.00,,completed
ORD-01793,EV-01,2025-06-26 21:33:29,GA,1,36.00,,completed
ORD-01794,EV-07,2025-06-26 21:33:31,GA,2,34.00,PLAYLOUD,completed
ORD-01795,EV-01,2025-06-26 21:42:56,GA,2,36.00,,completed
ORD-01796,EV-01,2025-06-26 21:45:09,Balcony,1,52.00,ONAIR10,completed
ORD-01797,EV-01,2025-06-26 21:46:56,Balcony,1,52.00,SUMMER25,completed
ORD-01798,EV-01,2025-06-26 21:48:36,GA,4,36.00,,completed
ORD-01799,EV-01,2025-06-26 21:49:03,VIP,2,85.00,,completed
ORD-01800,EV-08,2025-06-26 21:50:16,Balcony,2,62.00,,refunded
ORD-01801,EV-07,2025-06-26 21:54:56,Balcony,1,48.00,,completed
ORD-01802,EV-07,2025-06-26 22:00:49,Balcony,2,48.00,,completed
ORD-01803,EV-03,2025-06-26 22:08:22,GA,2,30.00,ONAIR10,completed
ORD-01804,EV-02,2025-06-26 22:12:31,GA,2,32.00,ONAIR10,completed
ORD-01805,EV-03,2025-06-26 22:13:37,GA,2,30.00,ENCORE,completed
ORD-01806,EV-01,2025-06-26 22:21:50,GA,2,36.00,FINDUS,completed
ORD-01807,EV-06,2025-06-26 22:27:01,Balcony,2,50.00,,completed
ORD-01808,EV-07,2025-06-26 22:38:43,GA,4,34.00,,completed
ORD-01809,EV-04,2025-06-26 22:42:58,GA,1,40.00,,refunded
ORD-01810,EV-05,2025-06-26 22:45:59,GA,2,42.00,FINDUS,completed
ORD-01811,EV-03,2025-06-26 22:52:35,GA,1,30.00,,completed
ORD-01812,EV-04,2025-06-26 23:14:21,Balcony,2,56.00,,completed
ORD-01813,EV-07,2025-06-26 23:29:53,Balcony,1,48.00,GENREGEM,completed
ORD-01814,EV-06,2025-06-26 23:30:09,GA,4,38.00,STUDENT10,completed
ORD-01815,EV-02,2025-06-26 23:39:10,Balcony,1,46.00,SUMMER25,completed
ORD-01816,EV-05,2025-06-26 23:47:16,Balcony,2,58.00,STUDENT10,completed
ORD-01817,EV-06,2025-06-27 02:11:13,GA,2,38.00,ONAIR10,completed
ORD-01818,EV-06,2025-06-27 05:02:12,Balcony,1,50.00,,completed
ORD-01819,EV-08,2025-06-27 05:25:42,Balcony,1,62.00,ONAIR10,completed
ORD-01820,EV-07,2025-06-27 06:38:15,GA,3,34.00,PLAYLOUD,completed
ORD-01821,EV-06,2025-06-27 06:59:33,GA,4,38.00,,completed
ORD-01822,EV-02,2025-06-27 07:10:03,Balcony,1,46.00,STREET15,completed
ORD-01823,EV-01,2025-06-27 07:23:46,GA,2,36.00,,refunded
ORD-01824,EV-06,2025-06-27 07:25:50,GA,3,38.00,ONAIR10,refunded
ORD-01825,EV-04,2025-06-27 08:19:37,Balcony,2,56.00,,completed
ORD-01826,EV-01,2025-06-27 08:22:41,Balcony,1,52.00,,completed
ORD-01827,EV-02,2025-06-27 08:24:40,Balcony,3,46.00,FINDUS,refunded
ORD-01828,EV-05,2025-06-27 08:32:23,GA,3,42.00,ONAIR10,completed
ORD-01829,EV-02,2025-06-27 08:33:02,Balcony,4,46.00,,completed
ORD-01830,EV-08,2025-06-27 09:08:25,GA,2,45.00,STREET15,completed
ORD-01831,EV-04,2025-06-27 09:08:39,GA,4,40.00,,completed
ORD-01832,EV-06,2025-06-27 09:23:13,Balcony,1,50.00,,completed
ORD-01833,EV-05,2025-06-27 09:26:16,Balcony,4,58.00,,completed
ORD-01834,EV-02,2025-06-27 09:39:27,GA,3,32.00,ONAIR10,completed
ORD-01835,EV-01,2025-06-27 09:53:58,GA,1,36.00,,completed
ORD-01836,EV-06,2025-06-27 09:59:15,VIP,2,80.00,,refunded
ORD-01837,EV-02,2025-06-27 10:19:43,GA,1,32.00,ONAIR10,completed
ORD-01838,EV-02,2025-06-27 10:22:28,GA,2,32.00,ONAIR10,completed
ORD-01839,EV-02,2025-06-27 10:33:43,Balcony,1,46.00,,completed
ORD-01840,EV-08,2025-06-27 10:40:06,GA,1,45.00,,completed
ORD-01841,EV-07,2025-06-27 10:41:43,GA,2,34.00,,completed
ORD-01842,EV-04,2025-06-27 10:46:32,Balcony,2,56.00,GENREGEM,completed
ORD-01843,EV-06,2025-06-27 10:48:10,GA,2,38.00,GENREGEM,completed
ORD-01844,EV-02,2025-06-27 10:57:28,Balcony,1,46.00,,completed
ORD-01845,EV-07,2025-06-27 11:05:26,GA,2,34.00,,completed
ORD-01846,EV-01,2025-06-27 11:10:28,GA,1,36.00,,completed
ORD-01847,EV-01,2025-06-27 11:15:16,VIP,2,85.00,,completed
ORD-01848,EV-08,2025-06-27 11:17:34,Balcony,1,62.00,,completed
ORD-01849,EV-08,2025-06-27 11:23:09,GA,1,45.00,SUMMER25,completed
ORD-01850,EV-01,2025-06-27 11:24:20,GA,1,36.00,,completed
ORD-01851,EV-05,2025-06-27 11:24:30,Balcony,1,58.00,,completed
ORD-01852,EV-03,2025-06-27 11:30:45,GA,1,30.00,SUMMER25,completed
ORD-01853,EV-02,2025-06-27 11:36:23,GA,1,32.00,FINDUS,completed
ORD-01854,EV-01,2025-06-27 11:48:10,Balcony,1,52.00,FINDUS,refunded
ORD-01855,EV-03,2025-06-27 12:01:40,GA,2,30.00,,completed
ORD-01856,EV-06,2025-06-27 12:05:18,GA,2,38.00,PLAYLOUD,completed
ORD-01857,EV-05,2025-06-27 12:26:07,GA,1,42.00,ONAIR10,completed
ORD-01858,EV-02,2025-06-27 12:33:48,GA,2,32.00,FINDUS,completed
ORD-01859,EV-01,2025-06-27 12:46:34,Balcony,2,52.00,,completed
ORD-01860,EV-07,2025-06-27 12:55:29,VIP,4,72.00,SUMMER25,completed
ORD-01861,EV-01,2025-06-27 12:57:34,GA,2,36.00,ONAIR10,completed
ORD-01862,EV-04,2025-06-27 12:57:55,GA,1,40.00,ONAIR10,completed
ORD-01863,EV-04,2025-06-27 13:17:13,Balcony,2,56.00,,completed
ORD-01864,EV-01,2025-06-27 13:37:17,GA,1,36.00,SUMMER25,completed
ORD-01865,EV-06,2025-06-27 13:51:17,GA,1,38.00,,completed
ORD-01866,EV-01,2025-06-27 14:07:29,GA,1,36.00,,completed
ORD-01867,EV-04,2025-06-27 14:13:59,GA,2,40.00,STREET15,completed
ORD-01868,EV-04,2025-06-27 14:30:16,GA,1,40.00,,completed
ORD-01869,EV-01,2025-06-27 14:57:32,Balcony,3,52.00,,completed
ORD-01870,EV-04,2025-06-27 15:12:27,Balcony,2,56.00,,completed
ORD-01871,EV-05,2025-06-27 15:13:34,GA,2,42.00,ONAIR10,completed
ORD-01872,EV-02,2025-06-27 15:14:11,GA,2,32.00,,completed
ORD-01873,EV-01,2025-06-27 15:15:45,GA,2,36.00,SUMMER25,completed
ORD-01874,EV-04,2025-06-27 15:26:28,Balcony,1,56.00,SUMMER25,completed
ORD-01875,EV-03,2025-06-27 15:31:35,GA,1,30.00,,completed
ORD-01876,EV-08,2025-06-27 15:48:10,GA,1,45.00,SUMMER25,completed
ORD-01877,EV-02,2025-06-27 15:53:48,Balcony,6,46.00,,completed
ORD-01878,EV-07,2025-06-27 15:55:33,GA,2,34.00,,completed
ORD-01879,EV-02,2025-06-27 15:57:24,Balcony,2,46.00,,completed
ORD-01880,EV-07,2025-06-27 16:00:41,GA,2,34.00,Vipnight,completed
ORD-01881,EV-01,2025-06-27 16:12:29,Balcony,2,52.00,ONAIR10,completed
ORD-01882,EV-02,2025-06-27 16:37:34,GA,1,32.00,,completed
ORD-01883,EV-04,2025-06-27 16:42:30,GA,1,40.00,,completed
ORD-01884,EV-01,2025-06-27 16:46:42,VIP,1,85.00,STUDENT10,completed
ORD-01885,EV-03,2025-06-27 17:01:54,GA,1,30.00,SUMMER25,completed
ORD-01886,EV-01,2025-06-27 17:12:33,GA,6,36.00,GENREGEM,completed
ORD-01887,EV-08,2025-06-27 17:16:02,GA,2,45.00,,completed
ORD-01888,EV-06,2025-06-27 17:24:22,Balcony,2,50.00,VIPNIGHT,completed
ORD-01889,EV-02,2025-06-27 17:25:56,GA,2,32.00,,completed
ORD-01890,EV-05,2025-06-27 17:34:49,GA,1,42.00,FINDUS,completed
ORD-01891,EV-04,2025-06-27 17:35:49,Balcony,2,56.00,ONAIR10,completed
ORD-01892,EV-02,2025-06-27 17:36:09,GA,2,32.00,ONAIR10,refunded
ORD-01893,EV-01,2025-06-27 17:38:29,GA,1,36.00,GENREGEM,completed
ORD-01894,EV-02,2025-06-27 17:41:10,GA,6,32.00,,completed
ORD-01895,EV-04,2025-06-27 17:46:59,Balcony,1,56.00,PLAYLOUD,completed
ORD-01896,EV-01,2025-06-27 17:47:08,GA,3,36.00,,completed
ORD-01897,EV-08,2025-06-27 17:47:53,GA,2,45.00,,completed
ORD-01898,EV-05,2025-06-27 18:03:38,GA,2,42.00,,completed
ORD-01899,EV-01,2025-06-27 18:06:20,VIP,1,85.00,,completed
ORD-01900,EV-04,2025-06-27 18:08:21,Balcony,2,56.00,,completed
ORD-01901,EV-04,2025-06-27 18:17:56,Balcony,2,56.00,,completed
ORD-01902,EV-07,2025-06-27 18:21:44,GA,2,34.00,,completed
ORD-01903,EV-06,2025-06-27 18:26:16,Balcony,1,50.00,,completed
ORD-01904,EV-01,2025-06-27 18:28:21,Balcony,2,52.00,,completed
ORD-01905,EV-08,2025-06-27 18:31:21,Balcony,2,62.00,,completed
ORD-01906,EV-06,2025-06-27 18:32:55,GA,2,38.00,Onair10,completed
ORD-01907,EV-06,2025-06-27 18:35:09,GA,5,38.00,,completed
ORD-01908,EV-06,2025-06-27 18:47:59,GA,1,38.00,,completed
ORD-01909,EV-06,2025-06-27 18:48:33,GA,1,38.00,ONAIR10,completed
ORD-01910,EV-04,2025-06-27 18:55:54,GA,3,40.00,SUMMER25,completed
ORD-01911,EV-07,2025-06-27 18:56:30,GA,1,34.00,,completed
ORD-01912,EV-02,2025-06-27 18:57:42,VIP,2,75.00,SUMMER25,completed
ORD-01913,EV-01,2025-06-27 18:59:58,GA,2,36.00,,completed
ORD-01914,EV-01,2025-06-27 19:01:11,Balcony,1,52.00,,completed
ORD-01915,EV-07,2025-06-27 19:07:17,Balcony,1,48.00,,refunded
ORD-01916,EV-04,2025-06-27 19:08:40,GA,2,40.00,PRESSPLAY,completed
ORD-01917,EV-07,2025-06-27 19:09:17,GA,1,34.00,,completed
ORD-01918,EV-05,2025-06-27 19:10:20,GA,3,42.00,SUMMER25,completed
ORD-01919,EV-01,2025-06-27 19:10:42,GA,1,36.00,,completed
ORD-01920,EV-04,2025-06-27 19:13:14,GA,2,40.00,,completed
ORD-01921,EV-08,2025-06-27 19:14:30,GA,2,45.00,,completed
ORD-01922,EV-01,2025-06-27 19:19:30,GA,1,36.00,,completed
ORD-01923,EV-06,2025-06-27 19:23:03,GA,5,38.00,,completed
ORD-01924,EV-07,2025-06-27 19:24:01,Balcony,2,48.00,,completed
ORD-01925,EV-03,2025-06-27 19:24:06,GA,3,30.00,ONAIR10,completed
ORD-01926,EV-03,2025-06-27 19:24:49,GA,2,30.00,,completed
ORD-01927,EV-07,2025-06-27 19:25:31,GA,6,34.00,FINDUS,completed
ORD-01928,EV-06,2025-06-27 19:30:31,GA,1,38.00,,completed
ORD-01929,EV-08,2025-06-27 19:30:59,Balcony,4,62.00,SUMMER25,completed
ORD-01930,EV-01,2025-06-27 19:32:09,GA,2,36.00,,completed
ORD-01931,EV-08,2025-06-27 19:36:51,GA,2,45.00,,completed
ORD-01932,EV-03,2025-06-27 19:38:24,Balcony,1,44.00,,completed
ORD-01933,EV-06,2025-06-27 19:40:19,Balcony,1,50.00,,completed
ORD-01934,EV-06,2025-06-27 19:40:36,GA,2,38.00,,completed
ORD-01935,EV-02,2025-06-27 19:45:42,Balcony,3,46.00,,completed
ORD-01936,EV-01,2025-06-27 19:49:20,GA,1,36.00,summer25,completed
ORD-01937,EV-06,2025-06-27 19:52:11,Balcony,2,50.00,,completed
ORD-01938,EV-04,2025-06-27 19:53:01,GA,3,40.00,,completed
ORD-01939,EV-03,2025-06-27 20:02:12,Balcony,3,44.00,,completed
ORD-01940,EV-05,2025-06-27 20:02:36,GA,2,42.00,PLAYLOUD,completed
ORD-01941,EV-01,2025-06-27 20:02:42,Balcony,2,52.00,ONAIR10,completed
ORD-01942,EV-04,2025-06-27 20:03:59,Balcony,1,56.00,,refunded
ORD-01943,EV-03,2025-06-27 20:12:01,GA,1,30.00,,completed
ORD-01944,EV-01,2025-06-27 20:13:39,GA,4,36.00,,completed
ORD-01945,EV-05,2025-06-27 20:18:35,Balcony,2,58.00,ONAIR10,completed
ORD-01946,EV-02,2025-06-27 20:21:28,Balcony,5,46.00,,completed
ORD-01947,EV-05,2025-06-27 20:23:54,GA,2,42.00,ONAIR10,completed
ORD-01948,EV-08,2025-06-27 20:25:29,GA,2,45.00,FINDUS,refunded
ORD-01949,EV-01,2025-06-27 20:25:32,GA,2,36.00,STREET15,completed
ORD-01950,EV-01,2025-06-27 20:28:34,GA,6,36.00,SUMMER25,completed
ORD-01951,EV-05,2025-06-27 20:30:47,GA,1,42.00,ONAIR10,completed
ORD-01952,EV-05,2025-06-27 20:33:36,Balcony,1,58.00,ONAIR10,completed
ORD-01953,EV-05,2025-06-27 20:35:57,Balcony,2,58.00,,completed
ORD-01954,EV-04,2025-06-27 20:38:20,GA,1,40.00,ONAIR10,refunded
ORD-01955,EV-06,2025-06-27 20:39:40,VIP,2,80.00,PLAYLOUD,completed
ORD-01956,EV-01,2025-06-27 20:41:51,VIP,1,85.00,,refunded
ORD-01957,EV-05,2025-06-27 20:46:11,Balcony,3,58.00,,completed
ORD-01958,EV-02,2025-06-27 20:48:14,GA,1,32.00,ONAIR10,completed
ORD-01959,EV-07,2025-06-27 20:53:04,Balcony,2,48.00,PLAYLOUD,completed
ORD-01960,EV-06,2025-06-27 20:53:35,GA,2,38.00,,completed
ORD-01961,EV-02,2025-06-27 20:58:59,GA,4,32.00,STUDENT10,completed
ORD-01962,EV-01,2025-06-27 20:59:12,Balcony,4,52.00,,completed
ORD-01963,EV-06,2025-06-27 21:00:15,GA,1,38.00,,completed
ORD-01964,EV-02,2025-06-27 21:01:18,GA,1,32.00,STREET15,completed
ORD-01965,EV-04,2025-06-27 21:03:54,GA,1,40.00,,completed
ORD-01966,EV-05,2025-06-27 21:05:09,GA,1,42.00,ONAIR10,completed
ORD-01967,EV-02,2025-06-27 21:07:37,GA,2,32.00,GENREGEM,completed
ORD-01968,EV-01,2025-06-27 21:07:42,GA,6,36.00,,completed
ORD-01969,EV-05,2025-06-27 21:12:42,GA,1,42.00,SUMMER25,completed
ORD-01970,EV-01,2025-06-27 21:12:51,GA,1,36.00,,completed
ORD-01971,EV-01,2025-06-27 21:14:49,VIP,1,85.00,GENREGEM,completed
ORD-01972,EV-03,2025-06-27 21:25:22,Balcony,3,44.00,,completed
ORD-01973,EV-03,2025-06-27 21:28:31,GA,2,30.00,ONAIR10,completed
ORD-01974,EV-01,2025-06-27 21:31:55,Balcony,2,52.00,ONAIR10,completed
ORD-01975,EV-08,2025-06-27 21:32:52,GA,1,45.00, SUMMER25,completed
ORD-01976,EV-04,2025-06-27 21:33:52,Balcony,1,56.00,GENREGEM,completed
ORD-01977,EV-01,2025-06-27 21:36:02,Balcony,2,52.00,,completed
ORD-01978,EV-04,2025-06-27 21:37:31,Balcony,2,56.00,,completed
ORD-01979,EV-01,2025-06-27 21:38:00,GA,3,36.00,,completed
ORD-01980,EV-06,2025-06-27 21:42:41,GA,3,38.00,,completed
ORD-01981,EV-04,2025-06-27 21:44:15,GA,2,40.00,SUMMER25,completed
ORD-01982,EV-02,2025-06-27 21:46:42,GA,2,32.00,GENREGEM,completed
ORD-01983,EV-03,2025-06-27 21:47:15,Balcony,1,44.00,,completed
ORD-01984,EV-01,2025-06-27 21:53:26,GA,1,36.00,,completed
ORD-01985,EV-02,2025-06-27 21:55:34,VIP,1,75.00,,refunded
ORD-01986,EV-02,2025-06-27 22:00:35,VIP,5,75.00,,completed
ORD-01987,EV-08,2025-06-27 22:08:18,Balcony,2,62.00,FINDUS,completed
ORD-01988,EV-07,2025-06-27 22:19:25,Balcony,2,48.00,,completed
ORD-01989,EV-02,2025-06-27 22:21:22,GA,3,32.00,,completed
ORD-01990,EV-04,2025-06-27 22:27:22,Balcony,2,56.00,ONAIR10,completed
ORD-01991,EV-01,2025-06-27 22:29:45,GA,2,36.00,ONAIR10,completed
ORD-01992,EV-05,2025-06-27 22:38:40,Balcony,5,58.00,ONAIR10 ,completed
ORD-01993,EV-06,2025-06-27 22:43:27,GA,2,38.00,GENREGEM,completed
ORD-01994,EV-04,2025-06-27 22:49:58,GA,4,40.00,SUMMER25,completed
ORD-01995,EV-07,2025-06-27 22:52:02,GA,3,34.00,,completed
ORD-01996,EV-02,2025-06-27 22:52:17,VIP,1,75.00,ONAIR10,completed
ORD-01997,EV-06,2025-06-27 22:52:36,GA,1,38.00,,completed
ORD-01998,EV-08,2025-06-27 22:55:38,GA,2,45.00,GENREGEM,completed
ORD-01999,EV-08,2025-06-27 22:59:16,GA,2,45.00,,completed
ORD-02000,EV-04,2025-06-27 23:14:44,GA,1,40.00,ONAIR10,completed
ORD-02001,EV-05,2025-06-27 23:28:40,GA,2,42.00,,completed
ORD-02002,EV-07,2025-06-28 02:23:39,Balcony,1,48.00,,completed
ORD-02003,EV-06,2025-06-28 05:10:23,GA,1,38.00,GENREGEM,completed
ORD-02004,EV-02,2025-06-28 05:24:50,Balcony,1,46.00,,completed
ORD-02005,EV-08,2025-06-28 06:54:54,VIP,1,110.00,,completed
ORD-02006,EV-08,2025-06-28 07:00:13,GA,5,45.00,,completed
ORD-02007,EV-03,2025-06-28 07:46:31,Balcony,1,44.00,,completed
ORD-02008,EV-02,2025-06-28 08:01:30,GA,1,32.00,SUMMER25,completed
ORD-02009,EV-08,2025-06-28 08:12:19,GA,2,45.00,SUMMER25,completed
ORD-02010,EV-07,2025-06-28 08:27:49,GA,2,34.00,,completed
ORD-02011,EV-06,2025-06-28 08:54:04,GA,1,38.00,,completed
ORD-02012,EV-02,2025-06-28 09:01:24,GA,3,32.00,ONAIR10,completed
ORD-02013,EV-01,2025-06-28 09:21:54,Balcony,1,52.00,FINDUS,completed
ORD-02014,EV-02,2025-06-28 09:27:18,VIP,5,75.00,ONAIR10,completed
ORD-02015,EV-02,2025-06-28 09:29:22,VIP,2,75.00,,completed
ORD-02016,EV-05,2025-06-28 10:04:11,GA,1,42.00,,refunded
ORD-02017,EV-01,2025-06-28 10:05:22,GA,2,36.00,,completed
ORD-02018,EV-01,2025-06-28 10:12:50,VIP,2,85.00,ONAIR10,completed
ORD-02019,EV-04,2025-06-28 10:51:47,GA,2,40.00,,completed
ORD-02020,EV-05,2025-06-28 11:20:29,Balcony,2,58.00,SUMMER25,completed
ORD-02021,EV-07,2025-06-28 11:28:13,Balcony,2,48.00,ONAIR10,completed
ORD-02022,EV-06,2025-06-28 11:30:01,GA,4,38.00,,completed
ORD-02023,EV-04,2025-06-28 11:32:33,Balcony,3,56.00,,completed
ORD-02024,EV-01,2025-06-28 11:36:01,GA,2,36.00,,completed
ORD-02025,EV-07,2025-06-28 11:36:33,GA,1,34.00,SUMMER25,completed
ORD-02026,EV-02,2025-06-28 11:38:44,GA,1,32.00,ONAIR10,refunded
ORD-02027,EV-07,2025-06-28 12:00:56,GA,3,34.00,ONAIR10,completed
ORD-02028,EV-04,2025-06-28 12:04:04,GA,4,40.00,,completed
ORD-02029,EV-05,2025-06-28 12:05:19,GA,2,42.00,STREET15,completed
ORD-02030,EV-01,2025-06-28 12:15:45,VIP,1,85.00,,completed
ORD-02031,EV-06,2025-06-28 12:18:24,GA,4,38.00,PLAYLOUD,completed
ORD-02032,EV-07,2025-06-28 12:20:46,GA,2,34.00,ONAIR10,completed
ORD-02033,EV-02,2025-06-28 12:21:06,GA,3,32.00,FINDUS,completed
ORD-02034,EV-02,2025-06-28 12:23:45,Balcony,1,46.00,,completed
ORD-02035,EV-02,2025-06-28 12:43:00,GA,1,32.00,,completed
ORD-02036,EV-06,2025-06-28 12:45:04,VIP,4,80.00,,completed
ORD-02037,EV-08,2025-06-28 13:00:36,GA,2,45.00,,completed
ORD-02038,EV-01,2025-06-28 13:20:49,VIP,2,85.00,ONAIR10,refunded
ORD-02039,EV-01,2025-06-28 13:22:09,Balcony,2,52.00,,completed
ORD-02040,EV-05,2025-06-28 13:22:45,Balcony,2,58.00,ONAIR10,completed
ORD-02041,EV-03,2025-06-28 13:24:19,Balcony,1,44.00,vipnight,completed
ORD-02042,EV-01,2025-06-28 13:36:44,Balcony,3,52.00,ONAIR10,completed
ORD-02043,EV-02,2025-06-28 13:38:51,GA,1,32.00,FINDUS,completed
ORD-02044,EV-03,2025-06-28 13:51:12,Balcony,1,44.00,,completed
ORD-02045,EV-04,2025-06-28 13:57:56,Balcony,6,56.00,ONAIR10,completed
ORD-02046,EV-01,2025-06-28 13:58:54,GA,2,36.00,GENREGEM,completed
ORD-02047,EV-01,2025-06-28 14:02:50,Balcony,1,52.00,PRESSPLAY,completed
ORD-02048,EV-01,2025-06-28 14:04:49,Balcony,1,52.00,ONAIR10,completed
ORD-02049,EV-07,2025-06-28 14:21:47,Balcony,4,48.00,ONAIR10,completed
ORD-02050,EV-01,2025-06-28 14:34:10,GA,2,36.00,GENREGEM,completed
ORD-02051,EV-03,2025-06-28 14:37:25,Balcony,1,44.00,GENREGEM,completed
ORD-02052,EV-05,2025-06-28 14:42:02,Balcony,2,58.00,ONAIR10,completed
ORD-02053,EV-08,2025-06-28 15:08:17,GA,2,45.00,ONAIR10,completed
ORD-02054,EV-01,2025-06-28 15:11:29,GA,1,36.00,SUMMER25,completed
ORD-02055,EV-04,2025-06-28 15:17:20,VIP,2,90.00,ONAIR10,completed
ORD-02056,EV-08,2025-06-28 15:18:35,GA,2,45.00,GENREGEM,completed
ORD-02057,EV-02,2025-06-28 15:22:51,GA,2,32.00,FINDUS,completed
ORD-02058,EV-06,2025-06-28 15:36:12,GA,2,38.00,,completed
ORD-02059,EV-03,2025-06-28 15:43:36,GA,3,30.00,,refunded
ORD-02060,EV-02,2025-06-28 15:47:59,VIP,2,75.00,GENREGEM,completed
ORD-02061,EV-02,2025-06-28 15:50:36,GA,1,32.00,,completed
ORD-02062,EV-06,2025-06-28 16:14:37,Balcony,4,50.00,,completed
ORD-02063,EV-01,2025-06-28 16:24:27,GA,1,36.00,ONAIR10,completed
ORD-02064,EV-05,2025-06-28 16:30:13,GA,3,42.00,,completed
ORD-02065,EV-05,2025-06-28 16:38:39,GA,1,42.00,ONAIR10,completed
ORD-02066,EV-02,2025-06-28 16:44:15,Balcony,2,46.00, VIPNIGHT,completed
ORD-02067,EV-08,2025-06-28 16:50:06,Balcony,2,62.00,,completed
ORD-02068,EV-08,2025-06-28 17:02:25,GA,2,45.00,,completed
ORD-02069,EV-08,2025-06-28 17:08:12,GA,2,45.00,,completed
ORD-02070,EV-07,2025-06-28 17:08:38,GA,2,34.00,vipnight,completed
ORD-02071,EV-02,2025-06-28 17:16:30,Balcony,4,46.00,,completed
ORD-02072,EV-01,2025-06-28 17:52:55,Balcony,2,52.00,,completed
ORD-02073,EV-01,2025-06-28 18:05:38,Balcony,2,52.00,,completed
ORD-02074,EV-04,2025-06-28 18:08:44,GA,2,40.00,ONAIR10,completed
ORD-02075,EV-08,2025-06-28 18:09:57,GA,1,45.00,,completed
ORD-02076,EV-03,2025-06-28 18:15:54,Balcony,2,44.00,,completed
ORD-02077,EV-07,2025-06-28 18:22:25,GA,3,34.00,,completed
ORD-02078,EV-08,2025-06-28 18:23:24,GA,1,45.00,,completed
ORD-02079,EV-07,2025-06-28 18:26:14,Balcony,4,48.00,PLAYLOUD,completed
ORD-02080,EV-05,2025-06-28 18:26:43,Balcony,3,58.00,SUMMER25,completed
ORD-02081,EV-07,2025-06-28 18:29:35,GA,2,34.00,,completed
ORD-02082,EV-08,2025-06-28 18:29:47,GA,4,45.00,,completed
ORD-02083,EV-05,2025-06-28 18:35:29,GA,4,42.00,STREET15,completed
ORD-02084,EV-01,2025-06-28 18:35:59,Balcony,2,52.00,,completed
ORD-02085,EV-01,2025-06-28 18:37:00,Balcony,2,52.00,,completed
ORD-02086,EV-02,2025-06-28 18:40:06,GA,2,32.00,,completed
ORD-02087,EV-07,2025-06-28 18:45:26,GA,3,34.00,ONAIR10,refunded
ORD-02088,EV-01,2025-06-28 18:45:36,Balcony,1,52.00,STREET15,completed
ORD-02089,EV-03,2025-06-28 19:01:01,GA,2,30.00,,refunded
ORD-02090,EV-06,2025-06-28 19:07:29,VIP,2,80.00,,completed
ORD-02091,EV-05,2025-06-28 19:08:14,Balcony,1,58.00,,completed
ORD-02092,EV-02,2025-06-28 19:09:44,GA,2,32.00,,refunded
ORD-02093,EV-06,2025-06-28 19:10:06,GA,2,38.00,,completed
ORD-02094,EV-08,2025-06-28 19:10:25,VIP,1,110.00,SUMMER25 ,completed
ORD-02095,EV-07,2025-06-28 19:17:27,Balcony,5,48.00,,completed
ORD-02096,EV-04,2025-06-28 19:18:53,GA,1,40.00,,completed
ORD-02097,EV-04,2025-06-28 19:24:33,Balcony,1,56.00,,completed
ORD-02098,EV-06,2025-06-28 19:26:01,VIP,3,80.00,ENCORE,completed
ORD-02099,EV-08,2025-06-28 19:27:54,GA,6,45.00,Summer25,completed
ORD-02100,EV-02,2025-06-28 19:31:26,GA,1,32.00,,completed
ORD-02101,EV-01,2025-06-28 19:37:11,GA,2,36.00,,completed
ORD-02102,EV-02,2025-06-28 19:39:14,GA,1,32.00,SUMMER25,completed
ORD-02103,EV-06,2025-06-28 19:42:36,GA,1,38.00,,completed
ORD-02104,EV-03,2025-06-28 19:49:12,GA,2,30.00,,completed
ORD-02105,EV-08,2025-06-28 19:49:20,Balcony,3,62.00,,completed
ORD-02106,EV-06,2025-06-28 19:49:50,GA,2,38.00,,completed
ORD-02107,EV-01,2025-06-28 19:58:54,GA,3,36.00,ONAIR10,completed
ORD-02108,EV-01,2025-06-28 20:02:14,GA,1,36.00,,completed
ORD-02109,EV-01,2025-06-28 20:06:08,GA,1,36.00,FINDUS,completed
ORD-02110,EV-01,2025-06-28 20:09:56,Balcony,3,52.00,,completed
ORD-02111,EV-08,2025-06-28 20:15:39,VIP,2,110.00,STUDENT10,completed
ORD-02112,EV-02,2025-06-28 20:18:51,GA,2,32.00,,completed
ORD-02113,EV-03,2025-06-28 20:29:40,Balcony,1,44.00,ONAIR10,completed
ORD-02114,EV-08,2025-06-28 20:30:12,GA,1,45.00,ONAIR10,completed
ORD-02115,EV-07,2025-06-28 20:32:08,GA,1,34.00,,completed
ORD-02116,EV-07,2025-06-28 20:34:09,GA,1,34.00,,completed
ORD-02117,EV-08,2025-06-28 20:36:02,GA,2,45.00,FINDUS,refunded
ORD-02118,EV-03,2025-06-28 20:36:30,GA,1,30.00,STREET15,refunded
ORD-02119,EV-04,2025-06-28 20:37:33,Balcony,1,56.00,,completed
ORD-02120,EV-01,2025-06-28 20:39:51,Balcony,2,52.00,,completed
ORD-02121,EV-01,2025-06-28 20:40:11,Balcony,1,52.00,SUMMER25,completed
ORD-02122,EV-05,2025-06-28 20:40:20,GA,1,42.00,,completed
ORD-02123,EV-04,2025-06-28 20:41:59,GA,2,40.00,,completed
ORD-02124,EV-01,2025-06-28 20:56:12,GA,1,36.00,,completed
ORD-02125,EV-05,2025-06-28 21:00:46,GA,1,42.00,,completed
ORD-02126,EV-05,2025-06-28 21:05:32,GA,2,42.00,GENREGEM,completed
ORD-02127,EV-08,2025-06-28 21:06:20,GA,5,45.00,,completed
ORD-02128,EV-07,2025-06-28 21:07:22,Balcony,3,48.00,,completed
ORD-02129,EV-04,2025-06-28 21:07:48,GA,2,40.00,STUDENT10,completed
ORD-02130,EV-02,2025-06-28 21:11:29,Balcony,2,46.00,SUMMER25,completed
ORD-02131,EV-08,2025-06-28 21:15:13,Balcony,1,62.00,STUDENT10,completed
ORD-02132,EV-05,2025-06-28 21:17:14,VIP,6,95.00,,completed
ORD-02133,EV-01,2025-06-28 21:19:18,Balcony,1,52.00,ONAIR10,completed
ORD-02134,EV-01,2025-06-28 21:21:19,Balcony,2,52.00,GENREGEM,completed
ORD-02135,EV-08,2025-06-28 21:22:54,GA,1,45.00,FINDUS,completed
ORD-02136,EV-08,2025-06-28 21:23:42,Balcony,2,62.00,ONAIR10,completed
ORD-02137,EV-08,2025-06-28 21:24:06,GA,1,45.00,,completed
ORD-02138,EV-01,2025-06-28 21:25:31,GA,1,36.00,ONAIR10,completed
ORD-02139,EV-06,2025-06-28 21:27:26,GA,1,38.00,ONAIR10,completed
ORD-02140,EV-03,2025-06-28 21:31:14,GA,2,30.00,SUMMER25,completed
ORD-02141,EV-05,2025-06-28 21:32:34,GA,3,42.00,,completed
ORD-02142,EV-01,2025-06-28 21:35:28,VIP,2,85.00,SUMMER25,completed
ORD-02143,EV-02,2025-06-28 21:37:25,Balcony,4,46.00,,refunded
ORD-02144,EV-07,2025-06-28 21:44:04,GA,1,34.00,,completed
ORD-02145,EV-03,2025-06-28 21:45:47,GA,2,30.00,STREET15,completed
ORD-02146,EV-05,2025-06-28 21:46:49,GA,3,42.00,,completed
ORD-02147,EV-03,2025-06-28 21:46:58,VIP,3,70.00,,completed
ORD-02148,EV-05,2025-06-28 21:50:27,GA,2,42.00,ONAIR10,completed
ORD-02149,EV-04,2025-06-28 21:50:30,GA,2,40.00,ENCORE,completed
ORD-02150,EV-06,2025-06-28 21:53:55,VIP,2,80.00,,completed
ORD-02151,EV-05,2025-06-28 21:55:05,Balcony,2,58.00,,completed
ORD-02152,EV-04,2025-06-28 21:57:26,GA,1,40.00,ONAIR10,completed
ORD-02153,EV-05,2025-06-28 22:07:06,GA,2,42.00,,completed
ORD-02154,EV-03,2025-06-28 22:07:24,Balcony,1,44.00,,completed
ORD-02155,EV-01,2025-06-28 22:28:51,GA,2,36.00,SUMMER25,completed
ORD-02156,EV-07,2025-06-28 22:29:54,VIP,2,72.00,,completed
ORD-02157,EV-03,2025-06-28 22:33:20,GA,4,30.00,,completed
ORD-02158,EV-02,2025-06-28 22:34:49,Balcony,2,46.00,STREET15,completed
ORD-02159,EV-03,2025-06-28 22:38:33,GA,1,30.00,ONAIR10,completed
ORD-02160,EV-04,2025-06-28 22:38:34,GA,2,40.00,ONAIR10,completed
ORD-02161,EV-04,2025-06-28 22:38:35,GA,1,40.00,,completed
ORD-02162,EV-02,2025-06-28 22:39:03,Balcony,2,46.00,ONAIR10,completed
ORD-02163,EV-02,2025-06-28 22:45:26,Balcony,3,46.00,,completed
ORD-02164,EV-05,2025-06-28 22:47:12,GA,3,42.00,PLAYLOUD,completed
ORD-02165,EV-04,2025-06-28 22:51:55,GA,1,40.00,,completed
ORD-02166,EV-04,2025-06-28 22:55:05,VIP,2,90.00,,completed
ORD-02167,EV-05,2025-06-28 23:00:09,Balcony,3,58.00,SUMMER25,refunded
ORD-02168,EV-02,2025-06-28 23:25:48,GA,2,32.00,ONAIR10,completed
ORD-02169,EV-02,2025-06-28 23:33:15,GA,2,32.00,STUDENT10,completed
ORD-02170,EV-01,2025-06-28 23:34:30,GA,1,36.00,,completed
ORD-02171,EV-01,2025-06-28 23:49:51,GA,1,36.00,FINDUS,completed
ORD-02172,EV-01,2025-06-29 00:46:19,Balcony,1,52.00,STUDENT10,completed
ORD-02173,EV-04,2025-06-29 02:24:29,Balcony,1,56.00,,refunded
ORD-02174,EV-05,2025-06-29 03:19:36,GA,1,42.00,SUMMER25,completed
ORD-02175,EV-01,2025-06-29 04:13:37,GA,2,36.00,,completed
ORD-02176,EV-04,2025-06-29 05:10:56,GA,2,40.00,,completed
ORD-02177,EV-05,2025-06-29 05:47:53,GA,2,42.00,GENREGEM,completed
ORD-02178,EV-02,2025-06-29 06:42:22,GA,2,32.00,,completed
ORD-02179,EV-01,2025-06-29 07:34:21,Balcony,3,52.00,,completed
ORD-02180,EV-07,2025-06-29 08:15:00,GA,2,34.00,ONAIR10,completed
ORD-02181,EV-01,2025-06-29 08:56:36,VIP,4,85.00,,completed
ORD-02182,EV-01,2025-06-29 09:18:15,Balcony,2,52.00,ONAIR10,completed
ORD-02183,EV-08,2025-06-29 09:33:03,GA,1,45.00,,completed
ORD-02184,EV-06,2025-06-29 09:45:38,GA,2,38.00,SUMMER25,completed
ORD-02185,EV-06,2025-06-29 10:08:12,GA,3,38.00,,completed
ORD-02186,EV-06,2025-06-29 10:26:16,VIP,1,80.00,,completed
ORD-02187,EV-01,2025-06-29 10:34:25,VIP,4,85.00,STUDENT10,completed
ORD-02188,EV-01,2025-06-29 10:36:12,GA,2,36.00,,completed
ORD-02189,EV-07,2025-06-29 10:56:06,GA,2,34.00,,completed
ORD-02190,EV-03,2025-06-29 11:28:40,VIP,3,70.00,,refunded
ORD-02191,EV-08,2025-06-29 11:35:36,Balcony,2,62.00,,completed
ORD-02192,EV-04,2025-06-29 11:36:47,GA,2,40.00,ONAIR10,completed
ORD-02193,EV-01,2025-06-29 11:38:32,GA,6,36.00,ONAIR10,completed
ORD-02194,EV-01,2025-06-29 11:40:17,GA,1,36.00,,completed
ORD-02195,EV-02,2025-06-29 11:41:08,GA,1,32.00,,completed
ORD-02196,EV-03,2025-06-29 11:42:48,Balcony,2,44.00,ENCORE,completed
ORD-02197,EV-07,2025-06-29 11:47:33,GA,2,34.00,FINDUS,refunded
ORD-02198,EV-06,2025-06-29 11:50:14,Balcony,1,50.00,ONAIR10,completed
ORD-02199,EV-04,2025-06-29 11:50:48,GA,2,40.00,,completed
ORD-02200,EV-01,2025-06-29 11:51:51,VIP,3,85.00,,completed
ORD-02201,EV-02,2025-06-29 11:55:42,VIP,2,75.00,,completed
ORD-02202,EV-04,2025-06-29 11:58:14,GA,1,40.00,,completed
ORD-02203,EV-07,2025-06-29 12:00:19,Balcony,2,48.00,,completed
ORD-02204,EV-03,2025-06-29 12:04:57,GA,2,30.00,SUMMER25,completed
ORD-02205,EV-01,2025-06-29 12:09:36,GA,3,36.00,ONAIR10,completed
ORD-02206,EV-02,2025-06-29 12:11:42,GA,1,32.00,SUMMER25,completed
ORD-02207,EV-07,2025-06-29 12:12:47,Balcony,2,48.00,STREET15,completed
ORD-02208,EV-05,2025-06-29 12:17:01,GA,4,42.00, VIPNIGHT,completed
ORD-02209,EV-02,2025-06-29 12:18:07,Balcony,3,46.00,FINDUS,completed
ORD-02210,EV-08,2025-06-29 12:33:53,GA,2,45.00,GENREGEM,completed
ORD-02211,EV-01,2025-06-29 12:36:26,GA,5,36.00,,completed
ORD-02212,EV-02,2025-06-29 12:44:24,Balcony,3,46.00,Summer25,completed
ORD-02213,EV-05,2025-06-29 12:54:45,GA,2,42.00,ONAIR10,completed
ORD-02214,EV-05,2025-06-29 13:04:20,Balcony,5,58.00,ONAIR10,completed
ORD-02215,EV-02,2025-06-29 13:12:12,GA,3,32.00,STREET15,completed
ORD-02216,EV-05,2025-06-29 13:25:40,Balcony,1,58.00,,completed
ORD-02217,EV-02,2025-06-29 13:40:19,Balcony,1,46.00,,completed
ORD-02218,EV-01,2025-06-29 13:51:50,GA,3,36.00,,completed
ORD-02219,EV-01,2025-06-29 13:59:27,GA,2,36.00,FINDUS,completed
ORD-02220,EV-01,2025-06-29 14:08:42,GA,1,36.00,GENREGEM,refunded
ORD-02221,EV-04,2025-06-29 14:26:30,Balcony,1,56.00,ONAIR10,completed
ORD-02222,EV-03,2025-06-29 14:31:25,Balcony,3,44.00,,refunded
ORD-02223,EV-08,2025-06-29 14:31:26,GA,1,45.00,PRESSPLAY,completed
ORD-02224,EV-02,2025-06-29 14:36:39,Balcony,2,46.00,PLAYLOUD,completed
ORD-02225,EV-05,2025-06-29 14:40:29,Balcony,5,58.00,GENREGEM,completed
ORD-02226,EV-01,2025-06-29 14:45:05,Balcony,5,52.00,,completed
ORD-02227,EV-08,2025-06-29 14:45:51,Balcony,3,62.00,FINDUS,refunded
ORD-02228,EV-03,2025-06-29 14:47:05,Balcony,3,44.00, PLAYLOUD,completed
ORD-02229,EV-05,2025-06-29 14:48:07,Balcony,1,58.00,,completed
ORD-02230,EV-06,2025-06-29 14:58:11,VIP,2,80.00,,completed
ORD-02231,EV-04,2025-06-29 15:39:52,VIP,2,90.00,SUMMER25,completed
ORD-02232,EV-07,2025-06-29 15:44:23,VIP,1,72.00,summer25,completed
ORD-02233,EV-05,2025-06-29 15:44:43,GA,1,42.00,,completed
ORD-02234,EV-05,2025-06-29 15:49:54,GA,3,42.00,,completed
ORD-02235,EV-01,2025-06-29 15:51:45,GA,2,36.00,ONAIR10,completed
ORD-02236,EV-08,2025-06-29 16:01:13,Balcony,2,62.00,STREET15,completed
ORD-02237,EV-04,2025-06-29 16:03:41,Balcony,1,56.00,FINDUS,completed
ORD-02238,EV-03,2025-06-29 16:05:56,GA,2,30.00,,completed
ORD-02239,EV-01,2025-06-29 16:19:00,GA,6,36.00,SUMMER25,completed
ORD-02240,EV-02,2025-06-29 16:21:52,VIP,2,75.00,,completed
ORD-02241,EV-04,2025-06-29 16:29:41,Balcony,1,56.00,,completed
ORD-02242,EV-02,2025-06-29 16:37:33,Balcony,1,46.00,,completed
ORD-02243,EV-02,2025-06-29 16:52:03,VIP,2,75.00,,completed
ORD-02244,EV-01,2025-06-29 16:56:31,GA,2,36.00,STREET15,completed
ORD-02245,EV-08,2025-06-29 17:03:12,GA,1,45.00,PRESSPLAY,completed
ORD-02246,EV-02,2025-06-29 17:05:38,VIP,1,75.00,SUMMER25,completed
ORD-02247,EV-02,2025-06-29 17:13:42,GA,2,32.00,,completed
ORD-02248,EV-02,2025-06-29 17:18:34,GA,1,32.00,,completed
ORD-02249,EV-01,2025-06-29 17:23:25,GA,2,36.00,Summer25,completed
ORD-02250,EV-01,2025-06-29 17:30:13,GA,1,36.00,,completed
ORD-02251,EV-02,2025-06-29 17:45:50,GA,1,32.00,FINDUS,completed
ORD-02252,EV-05,2025-06-29 17:46:15,GA,1,42.00,GENREGEM,completed
ORD-02253,EV-08,2025-06-29 17:52:00,GA,2,45.00,,completed
ORD-02254,EV-04,2025-06-29 17:52:20,GA,2,40.00,,completed
ORD-02255,EV-02,2025-06-29 17:55:02,GA,4,32.00,SUMMER25,refunded
ORD-02256,EV-05,2025-06-29 17:58:01,GA,2,42.00,,completed
ORD-02257,EV-06,2025-06-29 17:59:15,VIP,1,80.00,,completed
ORD-02258,EV-08,2025-06-29 18:14:01,Balcony,2,62.00,,completed
ORD-02259,EV-06,2025-06-29 18:17:37,VIP,3,80.00,,completed
ORD-02260,EV-06,2025-06-29 18:20:16,GA,2,38.00,,completed
ORD-02261,EV-07,2025-06-29 18:20:45,Balcony,2,48.00,,completed
ORD-02262,EV-04,2025-06-29 18:21:47,GA,1,40.00,FINDUS,completed
ORD-02263,EV-01,2025-06-29 18:22:59,GA,2,36.00,GENREGEM,completed
ORD-02264,EV-01,2025-06-29 18:26:12,Balcony,4,52.00,,completed
ORD-02265,EV-04,2025-06-29 18:30:38,GA,4,40.00,,refunded
ORD-02266,EV-05,2025-06-29 18:36:01,Balcony,5,58.00,,completed
ORD-02267,EV-08,2025-06-29 18:37:29,GA,2,45.00,,completed
ORD-02268,EV-07,2025-06-29 18:38:37,Balcony,3,48.00,,completed
ORD-02269,EV-01,2025-06-29 18:40:24,GA,6,36.00,,refunded
ORD-02270,EV-01,2025-06-29 18:43:13,GA,3,36.00,,completed
ORD-02271,EV-05,2025-06-29 18:43:44,Balcony,2,58.00,,completed
ORD-02272,EV-02,2025-06-29 19:00:38,Balcony,1,46.00, SUMMER25,completed
ORD-02273,EV-07,2025-06-29 19:00:47,GA,1,34.00,,completed
ORD-02274,EV-05,2025-06-29 19:03:12,Balcony,1,58.00,,completed
ORD-02275,EV-06,2025-06-29 19:04:15,Balcony,1,50.00,,completed
ORD-02276,EV-06,2025-06-29 19:05:44,GA,1,38.00,ONAIR10,completed
ORD-02277,EV-01,2025-06-29 19:07:48,GA,2,36.00,,completed
ORD-02278,EV-02,2025-06-29 19:09:48,GA,2,32.00,GENREGEM,refunded
ORD-02279,EV-02,2025-06-29 19:11:12,Balcony,2,46.00,,completed
ORD-02280,EV-05,2025-06-29 19:12:49,Balcony,4,58.00,,completed
ORD-02281,EV-01,2025-06-29 19:14:08,GA,1,36.00,ONAIR10,completed
ORD-02282,EV-01,2025-06-29 19:21:36,Balcony,2,52.00,Summer25,completed
ORD-02283,EV-06,2025-06-29 19:25:58,GA,3,38.00,,completed
ORD-02284,EV-05,2025-06-29 19:29:39,GA,1,42.00,STREET15,completed
ORD-02285,EV-05,2025-06-29 19:31:18,GA,1,42.00,,completed
ORD-02286,EV-02,2025-06-29 19:31:51,GA,1,32.00,,refunded
ORD-02287,EV-05,2025-06-29 19:35:49,GA,2,42.00,,completed
ORD-02288,EV-01,2025-06-29 19:41:04,GA,2,36.00,,completed
ORD-02289,EV-01,2025-06-29 19:46:38,GA,1,36.00,FINDUS,completed
ORD-02290,EV-08,2025-06-29 19:46:42,GA,2,45.00,,completed
ORD-02291,EV-01,2025-06-29 19:48:33,Balcony,1,52.00,ONAIR10,completed
ORD-02292,EV-01,2025-06-29 19:55:22,GA,1,36.00,SUMMER25,completed
ORD-02293,EV-01,2025-06-29 19:55:26,GA,2,36.00,,completed
ORD-02294,EV-05,2025-06-29 20:04:12,GA,5,42.00,,completed
ORD-02295,EV-07,2025-06-29 20:10:04,GA,1,34.00,ONAIR10,completed
ORD-02296,EV-06,2025-06-29 20:12:43,GA,2,38.00,ONAIR10,completed
ORD-02297,EV-07,2025-06-29 20:14:22,Balcony,1,48.00,,completed
ORD-02298,EV-07,2025-06-29 20:21:10,GA,1,34.00,,completed
ORD-02299,EV-02,2025-06-29 20:22:37,Balcony,2,46.00,,completed
ORD-02300,EV-01,2025-06-29 20:28:02,Balcony,1,52.00,,completed
ORD-02301,EV-02,2025-06-29 20:29:07,VIP,1,75.00,,completed
ORD-02302,EV-02,2025-06-29 20:30:22,GA,2,32.00,STREET15,completed
ORD-02303,EV-01,2025-06-29 20:31:46,GA,2,36.00,GENREGEM,completed
ORD-02304,EV-05,2025-06-29 20:32:09,GA,1,42.00,,completed
ORD-02305,EV-04,2025-06-29 20:34:05,Balcony,2,56.00,,completed
ORD-02306,EV-04,2025-06-29 20:34:58,GA,2,40.00,,completed
ORD-02307,EV-08,2025-06-29 20:35:09,GA,1,45.00,ONAIR10,completed
ORD-02308,EV-08,2025-06-29 20:36:04,Balcony,2,62.00,,completed
ORD-02309,EV-01,2025-06-29 20:40:27,GA,3,36.00,SUMMER25,completed
ORD-02310,EV-06,2025-06-29 20:41:50,Balcony,1,50.00,FINDUS,refunded
ORD-02311,EV-05,2025-06-29 20:48:53,GA,6,42.00,GENREGEM,refunded
ORD-02312,EV-04,2025-06-29 20:49:35,GA,2,40.00,ONAIR10,completed
ORD-02313,EV-01,2025-06-29 20:51:29,Balcony,2,52.00,,completed
ORD-02314,EV-07,2025-06-29 20:53:40,Balcony,1,48.00,,completed
ORD-02315,EV-01,2025-06-29 20:56:08,Balcony,1,52.00,STUDENT10,completed
ORD-02316,EV-04,2025-06-29 20:57:06,Balcony,3,56.00,Street15,completed
ORD-02317,EV-01,2025-06-29 20:58:30,GA,2,36.00,,completed
ORD-02318,EV-04,2025-06-29 20:59:34,Balcony,2,56.00,,completed
ORD-02319,EV-01,2025-06-29 21:01:04,GA,2,36.00,,completed
ORD-02320,EV-01,2025-06-29 21:05:41,GA,1,36.00,ONAIR10,completed
ORD-02321,EV-08,2025-06-29 21:05:43,VIP,2,110.00,,completed
ORD-02322,EV-01,2025-06-29 21:14:40,Balcony,4,52.00,summer25,completed
ORD-02323,EV-07,2025-06-29 21:15:49,GA,4,34.00,,completed
ORD-02324,EV-01,2025-06-29 21:17:51,GA,1,36.00,,completed
ORD-02325,EV-08,2025-06-29 21:17:53,VIP,2,110.00,SUMMER25,completed
ORD-02326,EV-02,2025-06-29 21:23:16,GA,1,32.00,STREET15,completed
ORD-02327,EV-04,2025-06-29 21:27:22,Balcony,1,56.00,ONAIR10,completed
ORD-02328,EV-07,2025-06-29 21:30:12,GA,2,34.00,,completed
ORD-02329,EV-01,2025-06-29 21:34:49,GA,3,36.00,,completed
ORD-02330,EV-02,2025-06-29 21:43:06,GA,3,32.00,,completed
ORD-02331,EV-05,2025-06-29 21:45:22,GA,1,42.00,,completed
ORD-02332,EV-07,2025-06-29 21:47:06,VIP,1,72.00,STUDENT10,completed
ORD-02333,EV-05,2025-06-29 21:51:18,GA,2,42.00,,completed
ORD-02334,EV-01,2025-06-29 21:53:59,GA,2,36.00,,completed
ORD-02335,EV-05,2025-06-29 21:55:09,VIP,1,95.00, SUMMER25,completed
ORD-02336,EV-04,2025-06-29 21:55:52,GA,2,40.00,PRESSPLAY,refunded
ORD-02337,EV-04,2025-06-29 21:56:36,GA,2,40.00,,completed
ORD-02338,EV-02,2025-06-29 22:00:54,Balcony,2,46.00,,completed
ORD-02339,EV-01,2025-06-29 22:02:38,GA,1,36.00,,completed
ORD-02340,EV-04,2025-06-29 22:08:30,Balcony,1,56.00,,refunded
ORD-02341,EV-01,2025-06-29 22:26:16,GA,1,36.00,,refunded
ORD-02342,EV-08,2025-06-29 22:27:30,GA,3,45.00,,completed
ORD-02343,EV-04,2025-06-29 22:28:56,GA,5,40.00,,completed
ORD-02344,EV-03,2025-06-29 22:31:11,GA,1,30.00,,completed
ORD-02345,EV-03,2025-06-29 22:32:06,GA,2,30.00,,completed
ORD-02346,EV-05,2025-06-29 22:32:06,GA,5,42.00,FINDUS,completed
ORD-02347,EV-01,2025-06-29 22:33:57,GA,1,36.00,,completed
ORD-02348,EV-02,2025-06-29 22:36:38,GA,3,32.00,GENREGEM,completed
ORD-02349,EV-03,2025-06-29 22:40:13,Balcony,3,44.00,,completed
ORD-02350,EV-02,2025-06-29 22:43:00,GA,2,32.00,,completed
ORD-02351,EV-01,2025-06-29 22:44:16,GA,5,36.00,ONAIR10,completed
ORD-02352,EV-01,2025-06-29 22:46:40,GA,1,36.00,,completed
ORD-02353,EV-01,2025-06-29 22:52:48,Balcony,1,52.00,,completed
ORD-02354,EV-01,2025-06-29 23:19:36,GA,2,36.00,,completed
ORD-02355,EV-08,2025-06-29 23:25:38,Balcony,2,62.00,,completed
ORD-02356,EV-04,2025-06-30 00:03:37,GA,3,40.00,SUMMER25,completed
ORD-02357,EV-05,2025-06-30 01:00:36,GA,1,42.00,ONAIR10,completed
ORD-02358,EV-01,2025-06-30 05:52:44,GA,2,36.00,,completed
ORD-02359,EV-01,2025-06-30 06:11:31,GA,1,36.00,STREET15,completed
ORD-02360,EV-02,2025-06-30 07:12:46,Balcony,2,46.00,,completed
ORD-02361,EV-04,2025-06-30 07:21:22,GA,1,40.00,,completed
ORD-02362,EV-01,2025-06-30 07:25:54,GA,2,36.00,ONAIR10,completed
ORD-02363,EV-06,2025-06-30 07:46:37,VIP,1,80.00,,completed
ORD-02364,EV-05,2025-06-30 07:47:07,GA,1,42.00,,completed
ORD-02365,EV-04,2025-06-30 07:47:12,Balcony,2,56.00,,completed
ORD-02366,EV-04,2025-06-30 07:52:29,GA,5,40.00,,completed
ORD-02367,EV-01,2025-06-30 07:55:01,Balcony,4,52.00,,completed
ORD-02368,EV-05,2025-06-30 07:55:09,GA,3,42.00,STREET15,completed
ORD-02369,EV-02,2025-06-30 07:56:20,GA,2,32.00,STUDENT10,completed
ORD-02370,EV-01,2025-06-30 08:23:24,Balcony,1,52.00,STREET15,completed
ORD-02371,EV-04,2025-06-30 08:51:00,GA,3,40.00,,completed
ORD-02372,EV-01,2025-06-30 08:53:05,Balcony,2,52.00,,completed
ORD-02373,EV-01,2025-06-30 09:05:20,GA,2,36.00,,refunded
ORD-02374,EV-04,2025-06-30 09:12:03,GA,2,40.00,STUDENT10,completed
ORD-02375,EV-01,2025-06-30 09:33:34,GA,2,36.00,,completed
ORD-02376,EV-01,2025-06-30 09:49:50,GA,2,36.00,,completed
ORD-02377,EV-04,2025-06-30 10:00:39,GA,2,40.00,,completed
ORD-02378,EV-05,2025-06-30 10:06:07,GA,1,42.00, SUMMER25,completed
ORD-02379,EV-01,2025-06-30 10:09:15,Balcony,3,52.00,SUMMER25,completed
ORD-02380,EV-06,2025-06-30 10:13:30,Balcony,6,50.00,ONAIR10,completed
ORD-02381,EV-04,2025-06-30 10:29:56,GA,2,40.00,ONAIR10,completed
ORD-02382,EV-05,2025-06-30 10:37:41,Balcony,3,58.00,PLAYLOUD,completed
ORD-02383,EV-03,2025-06-30 10:42:53,Balcony,1,44.00,STUDENT10,completed
ORD-02384,EV-03,2025-06-30 10:46:55,GA,6,30.00,,completed
ORD-02385,EV-04,2025-06-30 10:52:02,GA,1,40.00,,completed
ORD-02386,EV-04,2025-06-30 10:54:30,Balcony,1,56.00,,completed
ORD-02387,EV-01,2025-06-30 10:57:36,GA,3,36.00,ONAIR10,completed
ORD-02388,EV-04,2025-06-30 11:07:08,GA,1,40.00,,completed
ORD-02389,EV-02,2025-06-30 11:24:32,Balcony,1,46.00,,completed
ORD-02390,EV-01,2025-06-30 11:29:23,GA,2,36.00,ONAIR10,completed
ORD-02391,EV-03,2025-06-30 11:45:24,Balcony,1,44.00,FINDUS,completed
ORD-02392,EV-05,2025-06-30 11:48:41,VIP,2,95.00,SUMMER25,completed
ORD-02393,EV-05,2025-06-30 11:49:04,Balcony,2,58.00,SUMMER25,completed
ORD-02394,EV-08,2025-06-30 11:56:24,GA,2,45.00,,completed
ORD-02395,EV-05,2025-06-30 12:11:56,GA,1,42.00,ONAIR10,completed
ORD-02396,EV-07,2025-06-30 12:12:11,GA,1,34.00,,completed
ORD-02397,EV-05,2025-06-30 12:18:16,GA,1,42.00,FINDUS,completed
ORD-02398,EV-01,2025-06-30 12:18:20,GA,2,36.00,,completed
ORD-02399,EV-01,2025-06-30 12:19:29,GA,2,36.00,,completed
ORD-02400,EV-03,2025-06-30 12:24:45,GA,4,30.00,,completed
ORD-02401,EV-06,2025-06-30 12:26:34,GA,4,38.00,,completed
ORD-02402,EV-03,2025-06-30 12:37:04,GA,1,30.00,,completed
ORD-02403,EV-01,2025-06-30 12:39:55,GA,2,36.00,PLAYLOUD,completed
ORD-02404,EV-03,2025-06-30 12:50:04,GA,1,30.00,FINDUS,completed
ORD-02405,EV-02,2025-06-30 12:50:44,VIP,3,75.00,,completed
ORD-02406,EV-05,2025-06-30 12:54:08,GA,2,42.00,STUDENT10,completed
ORD-02407,EV-01,2025-06-30 12:58:02,VIP,4,85.00,,completed
ORD-02408,EV-01,2025-06-30 13:16:54,GA,2,36.00,ONAIR10,completed
ORD-02409,EV-01,2025-06-30 13:19:14,Balcony,2,52.00,PRESSPLAY,completed
ORD-02410,EV-01,2025-06-30 13:22:03,GA,5,36.00,FINDUS,completed
ORD-02411,EV-01,2025-06-30 13:33:02,GA,1,36.00,,completed
ORD-02412,EV-03,2025-06-30 13:33:41,Balcony,1,44.00,SUMMER25,completed
ORD-02413,EV-08,2025-06-30 13:35:05,GA,2,45.00,,completed
ORD-02414,EV-04,2025-06-30 13:35:56,Balcony,6,56.00,ONAIR10,completed
ORD-02415,EV-05,2025-06-30 14:08:28,Balcony,2,58.00,,completed
ORD-02416,EV-01,2025-06-30 14:13:45,GA,4,36.00,,refunded
ORD-02417,EV-06,2025-06-30 14:16:14,GA,2,38.00,STUDENT10,completed
ORD-02418,EV-02,2025-06-30 14:19:05,GA,1,32.00,,completed
ORD-02419,EV-01,2025-06-30 14:20:13,GA,2,36.00,FINDUS,completed
ORD-02420,EV-03,2025-06-30 14:21:51,Balcony,1,44.00,STREET15,completed
ORD-02421,EV-01,2025-06-30 14:40:19,GA,1,36.00,,completed
ORD-02422,EV-01,2025-06-30 14:41:23,GA,2,36.00,PLAYLOUD,completed
ORD-02423,EV-02,2025-06-30 14:46:33,GA,1,32.00,ONAIR10,completed
ORD-02424,EV-04,2025-06-30 14:53:49,Balcony,1,56.00,GENREGEM,completed
ORD-02425,EV-01,2025-06-30 15:04:28,GA,2,36.00, SUMMER25,refunded
ORD-02426,EV-01,2025-06-30 15:24:39,GA,2,36.00,PRESSPLAY,completed
ORD-02427,EV-01,2025-06-30 15:25:39,GA,4,36.00,ONAIR10,completed
ORD-02428,EV-01,2025-06-30 15:36:46,GA,1,36.00,,completed
ORD-02429,EV-08,2025-06-30 15:42:38,VIP,1,110.00,VIPNIGHT ,refunded
ORD-02430,EV-01,2025-06-30 15:52:04,GA,1,36.00,ONAIR10,completed
ORD-02431,EV-01,2025-06-30 16:05:43,GA,4,36.00,,completed
ORD-02432,EV-01,2025-06-30 16:08:40,GA,2,36.00,,completed
ORD-02433,EV-07,2025-06-30 16:15:46,GA,2,34.00,STREET15,completed
ORD-02434,EV-08,2025-06-30 16:32:50,Balcony,5,62.00,ONAIR10,completed
ORD-02435,EV-02,2025-06-30 16:38:45,Balcony,2,46.00,,completed
ORD-02436,EV-01,2025-06-30 16:41:44,Balcony,1,52.00,,completed
ORD-02437,EV-01,2025-06-30 16:52:50,GA,2,36.00,,completed
ORD-02438,EV-05,2025-06-30 17:00:27,GA,1,42.00,FINDUS,completed
ORD-02439,EV-02,2025-06-30 17:00:33,Balcony,4,46.00,SUMMER25,completed
ORD-02440,EV-05,2025-06-30 17:00:34,GA,4,42.00,,completed
ORD-02441,EV-04,2025-06-30 17:02:58,GA,2,40.00,,completed
ORD-02442,EV-08,2025-06-30 17:07:31,GA,2,45.00,SUMMER25,refunded
ORD-02443,EV-02,2025-06-30 17:19:26,GA,4,32.00,STUDENT10,completed
ORD-02444,EV-01,2025-06-30 17:19:46,GA,2,36.00,,completed
ORD-02445,EV-06,2025-06-30 17:23:50,VIP,1,80.00,GENREGEM,completed
ORD-02446,EV-01,2025-06-30 17:29:00,GA,1,36.00,,completed
ORD-02447,EV-01,2025-06-30 17:35:18,Balcony,2,52.00,VIPNIGHT ,completed
ORD-02448,EV-02,2025-06-30 17:41:54,GA,3,32.00,,completed
ORD-02449,EV-01,2025-06-30 17:43:28,GA,2,36.00,,refunded
ORD-02450,EV-01,2025-06-30 17:44:58,Balcony,1,52.00,PRESSPLAY,completed
ORD-02451,EV-01,2025-06-30 17:45:30,Balcony,2,52.00,ONAIR10,completed
ORD-02452,EV-03,2025-06-30 17:49:00,GA,1,30.00,ONAIR10,completed
ORD-02453,EV-05,2025-06-30 17:51:00,Balcony,1,58.00,vipnight,completed
ORD-02454,EV-03,2025-06-30 17:54:46,GA,2,30.00,ONAIR10,completed
ORD-02455,EV-02,2025-06-30 18:00:44,GA,3,32.00,,completed
ORD-02456,EV-01,2025-06-30 18:01:07,GA,2,36.00,GENREGEM,completed
ORD-02457,EV-01,2025-06-30 18:03:32,GA,1,36.00,,completed
ORD-02458,EV-02,2025-06-30 18:03:38,Balcony,1,46.00,,completed
ORD-02459,EV-02,2025-06-30 18:14:04,Balcony,4,46.00,STREET15,completed
ORD-02460,EV-06,2025-06-30 18:14:20,Balcony,1,50.00,,completed
ORD-02461,EV-08,2025-06-30 18:20:45,GA,2,45.00,ONAIR10,completed
ORD-02462,EV-07,2025-06-30 18:24:07,Balcony,2,48.00,ENCORE,completed
ORD-02463,EV-03,2025-06-30 18:26:17,GA,1,30.00,,completed
ORD-02464,EV-04,2025-06-30 18:30:18,VIP,1,90.00,ONAIR10,completed
ORD-02465,EV-03,2025-06-30 18:35:44,VIP,2,70.00,STREET15,completed
ORD-02466,EV-01,2025-06-30 18:41:50,Balcony,2,52.00,,completed
ORD-02467,EV-01,2025-06-30 18:42:26,Balcony,2,52.00,,refunded
ORD-02468,EV-08,2025-06-30 18:44:20,GA,1,45.00,ONAIR10,completed
ORD-02469,EV-02,2025-06-30 18:47:16,GA,2,32.00,,completed
ORD-02470,EV-06,2025-06-30 18:49:59,GA,1,38.00,,completed
ORD-02471,EV-03,2025-06-30 18:53:48,Balcony,2,44.00,,completed
ORD-02472,EV-01,2025-06-30 19:01:40,Balcony,2,52.00,summer25,completed
ORD-02473,EV-05,2025-06-30 19:04:36,GA,3,42.00,,completed
ORD-02474,EV-05,2025-06-30 19:06:02,GA,1,42.00,,completed
ORD-02475,EV-02,2025-06-30 19:08:26,GA,2,32.00,,completed
ORD-02476,EV-01,2025-06-30 19:09:16,Balcony,1,52.00,,completed
ORD-02477,EV-03,2025-06-30 19:12:26,Balcony,1,44.00,,completed
ORD-02478,EV-02,2025-06-30 19:19:43,Balcony,3,46.00,,completed
ORD-02479,EV-02,2025-06-30 19:20:24,Balcony,2,46.00,,completed
ORD-02480,EV-04,2025-06-30 19:21:53,GA,2,40.00,,completed
ORD-02481,EV-07,2025-06-30 19:24:43,Balcony,6,48.00,,completed
ORD-02482,EV-01,2025-06-30 19:29:48,GA,3,36.00,,completed
ORD-02483,EV-02,2025-06-30 19:36:03,GA,2,32.00,,refunded
ORD-02484,EV-01,2025-06-30 19:41:50,Balcony,1,52.00,,completed
ORD-02485,EV-01,2025-06-30 19:42:01,VIP,6,85.00,,completed
ORD-02486,EV-01,2025-06-30 19:44:22,Balcony,3,52.00,,completed
ORD-02487,EV-02,2025-06-30 19:45:44,GA,1,32.00,SUMMER25,completed
ORD-02488,EV-01,2025-06-30 19:49:04,Balcony,1,52.00,ONAIR10,completed
ORD-02489,EV-06,2025-06-30 19:49:31,GA,1,38.00,,completed
ORD-02490,EV-05,2025-06-30 19:52:25,VIP,1,95.00,ONAIR10,completed
ORD-02491,EV-05,2025-06-30 19:52:52,GA,2,42.00,,completed
ORD-02492,EV-08,2025-06-30 20:00:03,Balcony,2,62.00,ONAIR10,completed
ORD-02493,EV-04,2025-06-30 20:07:12,GA,3,40.00,FINDUS,completed
ORD-02494,EV-06,2025-06-30 20:08:13,GA,6,38.00,,completed
ORD-02495,EV-01,2025-06-30 20:17:57,GA,2,36.00,,completed
ORD-02496,EV-05,2025-06-30 20:21:53,Balcony,1,58.00,,completed
ORD-02497,EV-07,2025-06-30 20:22:29,GA,5,34.00, GENREGEM,completed
ORD-02498,EV-01,2025-06-30 20:24:43,GA,2,36.00,,completed
ORD-02499,EV-01,2025-06-30 20:26:58,GA,4,36.00,,completed
ORD-02500,EV-07,2025-06-30 20:27:05,GA,1,34.00,ONAIR10,completed
ORD-02501,EV-01,2025-06-30 20:28:39,GA,3,36.00,,completed
ORD-02502,EV-02,2025-06-30 20:31:49,Balcony,1,46.00,SUMMER25,completed
ORD-02503,EV-01,2025-06-30 20:34:53,GA,3,36.00,,completed
ORD-02504,EV-02,2025-06-30 20:37:34,GA,5,32.00,,completed
ORD-02505,EV-04,2025-06-30 20:40:28,Balcony,5,56.00,GENREGEM,completed
ORD-02506,EV-02,2025-06-30 20:42:34,GA,3,32.00,,completed
ORD-02507,EV-01,2025-06-30 20:43:56,GA,5,36.00,SUMMER25,completed
ORD-02508,EV-01,2025-06-30 20:45:58,GA,1,36.00,ENCORE,completed
ORD-02509,EV-05,2025-06-30 20:46:21,GA,2,42.00,,completed
ORD-02510,EV-07,2025-06-30 20:47:04,GA,2,34.00,PRESSPLAY,completed
ORD-02511,EV-05,2025-06-30 20:48:22,GA,2,42.00,,completed
ORD-02512,EV-01,2025-06-30 20:48:55,GA,1,36.00,,completed
ORD-02513,EV-01,2025-06-30 20:51:34,Balcony,2,52.00,,completed
ORD-02514,EV-01,2025-06-30 20:52:07,GA,1,36.00,,completed
ORD-02515,EV-01,2025-06-30 20:54:47,Balcony,4,52.00,,completed
ORD-02516,EV-03,2025-06-30 20:55:34,GA,3,30.00,ONAIR10,completed
ORD-02517,EV-01,2025-06-30 20:57:24,GA,1,36.00,ONAIR10,completed
ORD-02518,EV-06,2025-06-30 21:11:34,Balcony,4,50.00,,completed
ORD-02519,EV-05,2025-06-30 21:14:53,GA,1,42.00,,completed
ORD-02520,EV-02,2025-06-30 21:19:13,GA,1,32.00,ONAIR10,completed
ORD-02521,EV-07,2025-06-30 21:19:41,GA,1,34.00,,completed
ORD-02522,EV-07,2025-06-30 21:20:10,Balcony,1,48.00,,completed
ORD-02523,EV-08,2025-06-30 21:20:48,GA,2,45.00,,completed
ORD-02524,EV-01,2025-06-30 21:23:43,GA,3,36.00,,completed
ORD-02525,EV-01,2025-06-30 21:25:17,GA,1,36.00,PLAYLOUD,refunded
ORD-02526,EV-01,2025-06-30 21:26:39,GA,4,36.00,ONAIR10,refunded
ORD-02527,EV-01,2025-06-30 21:26:51,GA,2,36.00,,completed
ORD-02528,EV-01,2025-06-30 21:29:04,VIP,5,85.00,ONAIR10,completed
ORD-02529,EV-01,2025-06-30 21:29:17,VIP,2,85.00,,completed
ORD-02530,EV-01,2025-06-30 21:31:17,Balcony,3,52.00,,completed
ORD-02531,EV-01,2025-06-30 21:33:09,Balcony,1,52.00,,completed
ORD-02532,EV-01,2025-06-30 21:35:13,GA,6,36.00,,completed
ORD-02533,EV-06,2025-06-30 21:42:08,GA,3,38.00,FINDUS,completed
ORD-02534,EV-01,2025-06-30 21:44:15,GA,3,36.00,,completed
ORD-02535,EV-03,2025-06-30 21:44:35,Balcony,4,44.00,,completed
ORD-02536,EV-02,2025-06-30 21:45:02,GA,1,32.00,,completed
ORD-02537,EV-01,2025-06-30 21:45:45,GA,1,36.00,,completed
ORD-02538,EV-01,2025-06-30 21:45:47,Balcony,1,52.00,SUMMER25,completed
ORD-02539,EV-02,2025-06-30 21:46:00,GA,1,32.00,FINDUS,refunded
ORD-02540,EV-04,2025-06-30 21:48:19,GA,1,40.00,,completed
ORD-02541,EV-08,2025-06-30 21:48:21,GA,2,45.00,,completed
ORD-02542,EV-01,2025-06-30 21:50:26,GA,3,36.00,,completed
ORD-02543,EV-01,2025-06-30 21:51:38,GA,2,36.00,PLAYLOUD,completed
ORD-02544,EV-08,2025-06-30 21:55:02,Balcony,1,62.00,,completed
ORD-02545,EV-01,2025-06-30 22:04:30,VIP,1,85.00,,completed
ORD-02546,EV-03,2025-06-30 22:08:53,GA,3,30.00,,completed
ORD-02547,EV-01,2025-06-30 22:11:35,GA,2,36.00,,completed
ORD-02548,EV-03,2025-06-30 22:11:53,Balcony,2,44.00,,completed
ORD-02549,EV-04,2025-06-30 22:12:04,Balcony,2,56.00,STREET15,refunded
ORD-02550,EV-05,2025-06-30 22:12:47,Balcony,1,58.00,,completed
ORD-02551,EV-01,2025-06-30 22:14:41,Balcony,2,52.00,,refunded
ORD-02552,EV-01,2025-06-30 22:18:32,GA,5,36.00,,completed
ORD-02553,EV-01,2025-06-30 22:27:55,GA,2,36.00,,completed
ORD-02554,EV-04,2025-06-30 22:31:14,GA,1,40.00,PLAYLOUD,completed
ORD-02555,EV-03,2025-06-30 22:35:54,GA,1,30.00,,completed
ORD-02556,EV-02,2025-06-30 22:36:23,GA,3,32.00,,completed
ORD-02557,EV-04,2025-06-30 22:37:00,GA,2,40.00,SUMMER25,completed
ORD-02558,EV-05,2025-06-30 22:38:38,GA,4,42.00,FINDUS ,completed
ORD-02559,EV-03,2025-06-30 22:38:47,Balcony,1,44.00,,completed
ORD-02560,EV-05,2025-06-30 22:42:13,GA,1,42.00,,completed
ORD-02561,EV-04,2025-06-30 22:50:57,Balcony,1,56.00,ONAIR10,completed
ORD-02562,EV-02,2025-06-30 22:54:22,VIP,2,75.00,,completed
ORD-02563,EV-02,2025-06-30 22:55:21,GA,3,32.00,SUMMER25,completed
ORD-02564,EV-06,2025-06-30 22:58:56,Balcony,3,50.00,,completed
ORD-02565,EV-01,2025-06-30 22:59:18,VIP,2,85.00,GENREGEM,completed
ORD-02566,EV-01,2025-06-30 23:02:57,GA,1,36.00,,completed
ORD-02567,EV-01,2025-06-30 23:18:29,Balcony,1,52.00,,completed
ORD-02568,EV-06,2025-06-30 23:20:24,Balcony,3,50.00,SUMMER25 ,completed
ORD-02569,EV-01,2025-06-30 23:29:49,GA,3,36.00,,refunded
ORD-02570,EV-01,2025-06-30 23:38:51,VIP,2,85.00,,completed
ORD-02571,EV-08,2025-06-30 23:44:18,Balcony,1,62.00,,completed
ORD-02572,EV-04,2025-06-30 23:44:24,Balcony,1,56.00,,completed
ORD-02573,EV-01,2025-06-30 23:50:02,Balcony,3,52.00,,completed
ORD-02574,EV-03,2025-06-30 23:51:28,Balcony,1,44.00,,completed
ORD-02575,EV-02,2025-07-01 00:47:03,GA,2,32.00,,completed
ORD-02576,EV-02,2025-07-01 03:44:39,GA,3,32.00,STREET15,completed
ORD-02577,EV-02,2025-07-01 05:16:06,GA,2,32.00,,completed
ORD-02578,EV-04,2025-07-01 05:16:56,GA,5,40.00,SUMMER25,completed
ORD-02579,EV-04,2025-07-01 05:42:59,VIP,2,90.00,,completed
ORD-02580,EV-05,2025-07-01 06:31:23,GA,1,42.00,,completed
ORD-02581,EV-07,2025-07-01 06:41:11,Balcony,2,48.00,,completed
ORD-02582,EV-04,2025-07-01 08:06:42,GA,3,40.00,,refunded
ORD-02583,EV-07,2025-07-01 08:16:12,GA,2,34.00,Summer25,completed
ORD-02584,EV-03,2025-07-01 08:22:28,GA,1,30.00,SUMMER25,completed
ORD-02585,EV-05,2025-07-01 08:24:13,Balcony,2,58.00,,completed
ORD-02586,EV-05,2025-07-01 08:32:51,GA,4,42.00,,completed
ORD-02587,EV-07,2025-07-01 08:37:36,GA,3,34.00,,completed
ORD-02588,EV-04,2025-07-01 08:39:16,GA,4,40.00,Vipnight,completed
ORD-02589,EV-05,2025-07-01 08:48:26,Balcony,1,58.00,,completed
ORD-02590,EV-05,2025-07-01 08:48:52,GA,1,42.00,LASTCALL,completed
ORD-02591,EV-08,2025-07-01 08:53:27,Balcony,1,62.00,,completed
ORD-02592,EV-06,2025-07-01 09:10:57,Balcony,4,50.00,LASTCALL,completed
ORD-02593,EV-02,2025-07-01 09:18:46,GA,2,32.00,PLAYLOUD,completed
ORD-02594,EV-04,2025-07-01 09:36:27,GA,2,40.00,,completed
ORD-02595,EV-02,2025-07-01 09:42:31,Balcony,2,46.00,,completed
ORD-02596,EV-02,2025-07-01 10:06:31,Balcony,1,46.00,,completed
ORD-02597,EV-02,2025-07-01 10:29:52,GA,2,32.00,,completed
ORD-02598,EV-03,2025-07-01 10:30:47,Balcony,1,44.00,VIPNIGHT,completed
ORD-02599,EV-02,2025-07-01 10:40:27,GA,4,32.00,,completed
ORD-02600,EV-06,2025-07-01 10:49:50,GA,3,38.00,,completed
ORD-02601,EV-05,2025-07-01 11:00:16,GA,1,42.00,,completed
ORD-02602,EV-02,2025-07-01 11:12:00,Balcony,2,46.00,,completed
ORD-02603,EV-04,2025-07-01 11:13:32,Balcony,2,56.00,,completed
ORD-02604,EV-02,2025-07-01 11:14:08,VIP,2,75.00,PLAYLOUD,completed
ORD-02605,EV-08,2025-07-01 11:18:05,GA,1,45.00,LASTCALL,completed
ORD-02606,EV-02,2025-07-01 11:18:52,Balcony,4,46.00,STREET15,completed
ORD-02607,EV-04,2025-07-01 11:21:30,GA,2,40.00,LASTCALL,completed
ORD-02608,EV-04,2025-07-01 11:27:53,GA,1,40.00, SUMMER25,completed
ORD-02609,EV-04,2025-07-01 11:28:44,GA,2,40.00,LASTCALL,completed
ORD-02610,EV-05,2025-07-01 11:40:55,GA,3,42.00,,completed
ORD-02611,EV-02,2025-07-01 11:45:58,GA,3,32.00,SUMMER25,completed
ORD-02612,EV-02,2025-07-01 11:51:26,VIP,2,75.00,,completed
ORD-02613,EV-04,2025-07-01 11:52:09,Balcony,2,56.00,,completed
ORD-02614,EV-02,2025-07-01 11:57:39,Balcony,3,46.00,,completed
ORD-02615,EV-02,2025-07-01 11:59:11,GA,2,32.00,,completed
ORD-02616,EV-04,2025-07-01 12:00:03,VIP,2,90.00,SUMMER25,completed
ORD-02617,EV-05,2025-07-01 12:07:44,Balcony,1,58.00,,completed
ORD-02618,EV-05,2025-07-01 12:10:49,GA,1,42.00,,completed
ORD-02619,EV-02,2025-07-01 12:12:08,VIP,2,75.00,STREET15,completed
ORD-02620,EV-02,2025-07-01 12:18:16,GA,2,32.00,SUMMER25,completed
ORD-02621,EV-02,2025-07-01 12:21:53,GA,2,32.00,,completed
ORD-02622,EV-02,2025-07-01 12:37:06,Balcony,2,46.00,Lastcall,completed
ORD-02623,EV-03,2025-07-01 12:58:44,Balcony,1,44.00,LASTCALL,completed
ORD-02624,EV-05,2025-07-01 13:01:31,GA,2,42.00,GENREGEM,completed
ORD-02625,EV-07,2025-07-01 13:08:26,Balcony,1,48.00,,completed
ORD-02626,EV-02,2025-07-01 13:14:43,GA,3,32.00,,completed
ORD-02627,EV-06,2025-07-01 13:16:00,Balcony,1,50.00,LASTCALL,completed
ORD-02628,EV-04,2025-07-01 13:16:07,Balcony,3,56.00,SUMMER25,completed
ORD-02629,EV-04,2025-07-01 13:30:47,VIP,2,90.00,PLAYLOUD,completed
ORD-02630,EV-07,2025-07-01 13:42:11,GA,3,34.00,GENREGEM,completed
ORD-02631,EV-06,2025-07-01 13:53:34,Balcony,3,50.00,PRESSPLAY,completed
ORD-02632,EV-03,2025-07-01 14:05:26,GA,1,30.00,STREET15,completed
ORD-02633,EV-08,2025-07-01 14:27:45,GA,2,45.00,,completed
ORD-02634,EV-03,2025-07-01 14:33:55,VIP,1,70.00,PRESSPLAY,completed
ORD-02635,EV-02,2025-07-01 14:38:12,Balcony,4,46.00,SUMMER25,completed
ORD-02636,EV-02,2025-07-01 14:48:49,Balcony,1,46.00,LASTCALL,completed
ORD-02637,EV-03,2025-07-01 15:04:57,Balcony,1,44.00,,completed
ORD-02638,EV-07,2025-07-01 15:25:02,GA,1,34.00,,completed
ORD-02639,EV-04,2025-07-01 15:25:46,VIP,2,90.00,,completed
ORD-02640,EV-03,2025-07-01 15:33:43,GA,1,30.00, SUMMER25,completed
ORD-02641,EV-05,2025-07-01 15:34:32,GA,4,42.00,,completed
ORD-02642,EV-06,2025-07-01 15:38:42,GA,5,38.00,,completed
ORD-02643,EV-04,2025-07-01 15:40:27,GA,1,40.00,STREET15,refunded
ORD-02644,EV-05,2025-07-01 15:45:28,Balcony,1,58.00,GENREGEM,completed
ORD-02645,EV-02,2025-07-01 15:55:56,GA,2,32.00,STUDENT10,completed
ORD-02646,EV-02,2025-07-01 16:19:54,Balcony,2,46.00,,completed
ORD-02647,EV-02,2025-07-01 16:30:46,GA,3,32.00,LASTCALL,completed
ORD-02648,EV-06,2025-07-01 16:52:27,GA,1,38.00,,refunded
ORD-02649,EV-06,2025-07-01 16:57:50,GA,2,38.00,LASTCALL,refunded
ORD-02650,EV-05,2025-07-01 16:57:53,GA,1,42.00,,completed
ORD-02651,EV-08,2025-07-01 16:59:13,GA,2,45.00,,completed
ORD-02652,EV-05,2025-07-01 17:02:44,Balcony,1,58.00,PLAYLOUD,completed
ORD-02653,EV-04,2025-07-01 17:03:51,Balcony,2,56.00,LASTCALL,completed
ORD-02654,EV-02,2025-07-01 17:04:16,GA,1,32.00,,completed
ORD-02655,EV-08,2025-07-01 17:08:04,GA,3,45.00,,completed
ORD-02656,EV-05,2025-07-01 17:11:05,GA,1,42.00,,completed
ORD-02657,EV-02,2025-07-01 17:11:10,Balcony,1,46.00,,completed
ORD-02658,EV-04,2025-07-01 17:12:00,GA,2,40.00,,completed
ORD-02659,EV-04,2025-07-01 17:14:13,Balcony,2,56.00,FINDUS,completed
ORD-02660,EV-07,2025-07-01 17:17:11,GA,1,34.00,,completed
ORD-02661,EV-04,2025-07-01 17:22:53,Balcony,2,56.00,,completed
ORD-02662,EV-04,2025-07-01 17:26:26,GA,4,40.00,,refunded
ORD-02663,EV-02,2025-07-01 17:30:08,Balcony,2,46.00,LASTCALL,completed
ORD-02664,EV-05,2025-07-01 17:37:05,GA,2,42.00,,completed
ORD-02665,EV-08,2025-07-01 17:38:49,GA,2,45.00,,completed
ORD-02666,EV-02,2025-07-01 17:46:25,GA,5,32.00,PLAYLOUD,completed
ORD-02667,EV-02,2025-07-01 17:56:19,GA,3,32.00,,completed
ORD-02668,EV-06,2025-07-01 17:57:27,Balcony,1,50.00,LASTCALL,completed
ORD-02669,EV-04,2025-07-01 17:58:31,GA,1,40.00,,completed
ORD-02670,EV-06,2025-07-01 18:00:10,Balcony,1,50.00,,completed
ORD-02671,EV-03,2025-07-01 18:06:56,Balcony,1,44.00,,refunded
ORD-02672,EV-02,2025-07-01 18:07:44,Balcony,3,46.00,,completed
ORD-02673,EV-06,2025-07-01 18:09:37,GA,2,38.00,STREET15,completed
ORD-02674,EV-08,2025-07-01 18:10:35,Balcony,2,62.00,,completed
ORD-02675,EV-02,2025-07-01 18:11:49,VIP,2,75.00,PLAYLOUD,completed
ORD-02676,EV-07,2025-07-01 18:11:51,VIP,2,72.00,LASTCALL,completed
ORD-02677,EV-06,2025-07-01 18:12:32,GA,2,38.00,,completed
ORD-02678,EV-02,2025-07-01 18:12:57,VIP,1,75.00,,completed
ORD-02679,EV-07,2025-07-01 18:24:17,GA,1,34.00,,completed
ORD-02680,EV-02,2025-07-01 18:27:30,GA,2,32.00,SUMMER25 ,completed
ORD-02681,EV-02,2025-07-01 18:35:22,GA,2,32.00,,completed
ORD-02682,EV-04,2025-07-01 18:38:47,GA,1,40.00,SUMMER25,completed
ORD-02683,EV-02,2025-07-01 18:43:04,Balcony,1,46.00,PLAYLOUD,completed
ORD-02684,EV-02,2025-07-01 18:49:06,Balcony,2,46.00,,completed
ORD-02685,EV-05,2025-07-01 18:50:07,GA,2,42.00,,refunded
ORD-02686,EV-04,2025-07-01 18:50:35,GA,1,40.00,,completed
ORD-02687,EV-05,2025-07-01 18:56:23,VIP,2,95.00,,completed
ORD-02688,EV-02,2025-07-01 19:06:13,GA,1,32.00,FINDUS,completed
ORD-02689,EV-06,2025-07-01 19:06:21,GA,5,38.00,,completed
ORD-02690,EV-08,2025-07-01 19:06:44,GA,1,45.00,PLAYLOUD,completed
ORD-02691,EV-07,2025-07-01 19:10:53,GA,4,34.00,,completed
ORD-02692,EV-05,2025-07-01 19:12:00,GA,2,42.00,,completed
ORD-02693,EV-06,2025-07-01 19:14:44,GA,4,38.00,GENREGEM,completed
ORD-02694,EV-02,2025-07-01 19:17:35,Balcony,1,46.00,FINDUS,completed
ORD-02695,EV-08,2025-07-01 19:18:55,Balcony,1,62.00,FINDUS,completed
ORD-02696,EV-06,2025-07-01 19:19:16,GA,1,38.00,,completed
ORD-02697,EV-02,2025-07-01 19:30:16,GA,2,32.00,PLAYLOUD,completed
ORD-02698,EV-03,2025-07-01 19:31:35,GA,2,30.00,Summer25,completed
ORD-02699,EV-07,2025-07-01 19:35:20,GA,1,34.00,,completed
ORD-02700,EV-08,2025-07-01 19:39:08,Balcony,3,62.00,,completed
ORD-02701,EV-02,2025-07-01 19:40:20,GA,2,32.00,,completed
ORD-02702,EV-02,2025-07-01 19:40:47,GA,5,32.00,,completed
ORD-02703,EV-02,2025-07-01 19:42:19,GA,1,32.00,SUMMER25,completed
ORD-02704,EV-04,2025-07-01 19:42:47,GA,4,40.00,,completed
ORD-02705,EV-04,2025-07-01 19:47:19,GA,1,40.00,PLAYLOUD,completed
ORD-02706,EV-08,2025-07-01 19:54:01,VIP,1,110.00,,completed
ORD-02707,EV-02,2025-07-01 19:54:18,Balcony,1,46.00,SUMMER25,completed
ORD-02708,EV-02,2025-07-01 19:56:50,Balcony,2,46.00,,completed
ORD-02709,EV-02,2025-07-01 20:00:04,GA,3,32.00,,completed
ORD-02710,EV-05,2025-07-01 20:01:59,GA,1,42.00,GENREGEM,completed
ORD-02711,EV-02,2025-07-01 20:02:05,Balcony,1,46.00,PLAYLOUD,completed
ORD-02712,EV-02,2025-07-01 20:03:03,GA,2,32.00,VIPNIGHT,completed
ORD-02713,EV-08,2025-07-01 20:04:23,GA,1,45.00,LASTCALL,completed
ORD-02714,EV-02,2025-07-01 20:05:07,VIP,1,75.00,STREET15,completed
ORD-02715,EV-05,2025-07-01 20:12:49,Balcony,2,58.00,FINDUS,completed
ORD-02716,EV-02,2025-07-01 20:15:10,GA,2,32.00,SUMMER25,completed
ORD-02717,EV-02,2025-07-01 20:15:24,Balcony,3,46.00,GENREGEM,completed
ORD-02718,EV-03,2025-07-01 20:16:12,GA,2,30.00,SUMMER25,completed
ORD-02719,EV-04,2025-07-01 20:17:12,GA,4,40.00,SUMMER25,completed
ORD-02720,EV-05,2025-07-01 20:18:48,GA,1,42.00,SUMMER25,completed
ORD-02721,EV-06,2025-07-01 20:19:59,GA,4,38.00,SUMMER25,completed
ORD-02722,EV-06,2025-07-01 20:21:02,Balcony,1,50.00,SUMMER25,completed
ORD-02723,EV-02,2025-07-01 20:22:02,GA,2,32.00,,completed
ORD-02724,EV-03,2025-07-01 20:25:03,GA,2,30.00,,completed
ORD-02725,EV-02,2025-07-01 20:26:28,VIP,2,75.00,VIPNIGHT ,completed
ORD-02726,EV-02,2025-07-01 20:26:47,GA,1,32.00,,completed
ORD-02727,EV-03,2025-07-01 20:27:34,GA,1,30.00,GENREGEM,completed
ORD-02728,EV-04,2025-07-01 20:28:50,GA,2,40.00,,completed
ORD-02729,EV-04,2025-07-01 20:29:24,Balcony,1,56.00,,completed
ORD-02730,EV-04,2025-07-01 20:30:47,GA,1,40.00,,completed
ORD-02731,EV-05,2025-07-01 20:33:13,Balcony,4,58.00,GENREGEM,completed
ORD-02732,EV-02,2025-07-01 20:38:56,Balcony,1,46.00,,completed
ORD-02733,EV-02,2025-07-01 20:40:04,GA,3,32.00,LASTCALL,refunded
ORD-02734,EV-02,2025-07-01 20:40:57,GA,3,32.00,STREET15,completed
ORD-02735,EV-04,2025-07-01 20:44:57,GA,4,40.00,,completed
ORD-02736,EV-02,2025-07-01 20:47:41,Balcony,2,46.00,,completed
ORD-02737,EV-03,2025-07-01 20:47:55,VIP,2,70.00,FINDUS,completed
ORD-02738,EV-07,2025-07-01 20:48:10,GA,1,34.00,,completed
ORD-02739,EV-02,2025-07-01 20:51:20,GA,2,32.00,,completed
ORD-02740,EV-06,2025-07-01 20:54:29,Balcony,3,50.00,GENREGEM,completed
ORD-02741,EV-07,2025-07-01 20:56:08,GA,2,34.00,,completed
ORD-02742,EV-03,2025-07-01 20:57:25,Balcony,4,44.00,SUMMER25,completed
ORD-02743,EV-08,2025-07-01 20:58:40,VIP,1,110.00,STREET15,completed
ORD-02744,EV-05,2025-07-01 20:58:53,VIP,1,95.00,,completed
ORD-02745,EV-05,2025-07-01 21:03:35,GA,1,42.00,SUMMER25,completed
ORD-02746,EV-06,2025-07-01 21:09:17,VIP,2,80.00,,completed
ORD-02747,EV-02,2025-07-01 21:09:53,GA,1,32.00,LASTCALL,completed
ORD-02748,EV-07,2025-07-01 21:10:00,GA,1,34.00,,completed
ORD-02749,EV-04,2025-07-01 21:11:19,GA,2,40.00,,completed
ORD-02750,EV-08,2025-07-01 21:16:00,Balcony,1,62.00,STREET15,completed
ORD-02751,EV-02,2025-07-01 21:17:03,GA,1,32.00,GENREGEM,completed
ORD-02752,EV-02,2025-07-01 21:18:00,Balcony,1,46.00,SUMMER25,completed
ORD-02753,EV-06,2025-07-01 21:18:08,GA,1,38.00,,refunded
ORD-02754,EV-04,2025-07-01 21:21:08,GA,2,40.00,,completed
ORD-02755,EV-06,2025-07-01 21:23:21,GA,3,38.00,LASTCALL,completed
ORD-02756,EV-07,2025-07-01 21:30:55,Balcony,4,48.00,ENCORE,completed
ORD-02757,EV-04,2025-07-01 21:34:19,GA,2,40.00,,completed
ORD-02758,EV-02,2025-07-01 21:36:15,GA,2,32.00,,completed
ORD-02759,EV-03,2025-07-01 21:39:23,Balcony,3,44.00,,completed
ORD-02760,EV-04,2025-07-01 21:42:18,GA,2,40.00,,completed
ORD-02761,EV-05,2025-07-01 21:42:24,GA,2,42.00,,completed
ORD-02762,EV-02,2025-07-01 21:42:36,GA,1,32.00,,completed
ORD-02763,EV-05,2025-07-01 21:46:10,GA,3,42.00,SUMMER25,completed
ORD-02764,EV-06,2025-07-01 21:49:57,Balcony,3,50.00,,completed
ORD-02765,EV-02,2025-07-01 21:51:21,GA,2,32.00,,completed
ORD-02766,EV-02,2025-07-01 21:51:56,GA,2,32.00,,completed
ORD-02767,EV-02,2025-07-01 21:55:55,VIP,1,75.00,,completed
ORD-02768,EV-02,2025-07-01 22:00:45,Balcony,3,46.00,,completed
ORD-02769,EV-07,2025-07-01 22:01:34,Balcony,2,48.00,SUMMER25,completed
ORD-02770,EV-04,2025-07-01 22:15:56,VIP,1,90.00,,completed
ORD-02771,EV-04,2025-07-01 22:16:37,Balcony,3,56.00,,completed
ORD-02772,EV-02,2025-07-01 22:17:56,GA,2,32.00,FINDUS,completed
ORD-02773,EV-02,2025-07-01 22:19:28,GA,1,32.00,,completed
ORD-02774,EV-04,2025-07-01 22:25:47,GA,2,40.00,,completed
ORD-02775,EV-02,2025-07-01 22:26:14,GA,1,32.00,,completed
ORD-02776,EV-02,2025-07-01 22:28:55,Balcony,6,46.00,SUMMER25 ,refunded
ORD-02777,EV-04,2025-07-01 22:30:42,VIP,6,90.00,vipnight,refunded
ORD-02778,EV-04,2025-07-01 22:31:55,Balcony,3,56.00,GENREGEM,completed
ORD-02779,EV-05,2025-07-01 22:35:55,GA,4,42.00,,completed
ORD-02780,EV-05,2025-07-01 22:40:00,GA,2,42.00, SUMMER25,completed
ORD-02781,EV-04,2025-07-01 22:41:45,Balcony,2,56.00,,completed
ORD-02782,EV-02,2025-07-01 22:48:29,GA,3,32.00,,completed
ORD-02783,EV-03,2025-07-01 22:51:11,Balcony,2,44.00,SUMMER25 ,refunded
ORD-02784,EV-07,2025-07-01 22:58:40,Balcony,2,48.00,STREET15,completed
ORD-02785,EV-02,2025-07-01 23:11:11,GA,6,32.00,,completed
ORD-02786,EV-08,2025-07-01 23:17:34,VIP,2,110.00,,completed
ORD-02787,EV-05,2025-07-01 23:45:01,VIP,2,95.00,,completed
ORD-02788,EV-04,2025-07-01 23:59:44,GA,4,40.00,,completed
ORD-02789,EV-04,2025-07-02 00:54:01,Balcony,3,56.00,SUMMER25,completed
ORD-02790,EV-05,2025-07-02 05:00:29,Balcony,3,58.00,STUDENT10,completed
ORD-02791,EV-04,2025-07-02 05:01:41,GA,2,40.00,,completed
ORD-02792,EV-06,2025-07-02 06:14:46,GA,5,38.00,LASTCALL,completed
ORD-02793,EV-03,2025-07-02 06:30:41,GA,3,30.00,SUMMER25,completed
ORD-02794,EV-05,2025-07-02 06:32:10,GA,3,42.00,,completed
ORD-02795,EV-05,2025-07-02 06:39:15,GA,1,42.00,LASTCALL,completed
ORD-02796,EV-04,2025-07-02 07:02:31,GA,2,40.00,,completed
ORD-02797,EV-03,2025-07-02 07:24:42,GA,3,30.00,FINDUS,completed
ORD-02798,EV-06,2025-07-02 07:39:46,GA,2,38.00,STUDENT10,completed
ORD-02799,EV-06,2025-07-02 07:47:41,GA,2,38.00,SUMMER25,completed
ORD-02800,EV-05,2025-07-02 08:06:55,Balcony,2,58.00,ENCORE,completed
ORD-02801,EV-03,2025-07-02 08:11:21,GA,1,30.00,SUMMER25,completed
ORD-02802,EV-06,2025-07-02 08:13:15,GA,1,38.00,,completed
ORD-02803,EV-04,2025-07-02 08:22:55,Balcony,5,56.00,SUMMER25,completed
ORD-02804,EV-07,2025-07-02 08:22:59,GA,3,34.00,SUMMER25,completed
ORD-02805,EV-06,2025-07-02 08:23:36,Balcony,2,50.00,LASTCALL,completed
ORD-02806,EV-03,2025-07-02 08:27:07,GA,3,30.00,ENCORE,completed
ORD-02807,EV-04,2025-07-02 08:33:57,GA,5,40.00,SUMMER25,completed
ORD-02808,EV-04,2025-07-02 09:00:14,GA,1,40.00,PRESSPLAY,completed
ORD-02809,EV-05,2025-07-02 09:35:32,Balcony,2,58.00,,refunded
ORD-02810,EV-08,2025-07-02 09:36:36,Balcony,1,62.00,,completed
ORD-02811,EV-04,2025-07-02 10:05:07,Balcony,1,56.00,,completed
ORD-02812,EV-04,2025-07-02 10:14:24,Balcony,1,56.00,SUMMER25,completed
ORD-02813,EV-05,2025-07-02 10:56:50,GA,1,42.00,,completed
ORD-02814,EV-05,2025-07-02 11:00:37,Balcony,2,58.00,,completed
ORD-02815,EV-03,2025-07-02 11:03:25,VIP,1,70.00,,completed
ORD-02816,EV-05,2025-07-02 11:04:48,GA,1,42.00,,completed
ORD-02817,EV-06,2025-07-02 11:12:33,GA,3,38.00,,completed
ORD-02818,EV-03,2025-07-02 11:25:44,GA,2,30.00,,completed
ORD-02819,EV-03,2025-07-02 11:41:01,GA,2,30.00,,completed
ORD-02820,EV-08,2025-07-02 11:46:13,Balcony,2,62.00,FINDUS,refunded
ORD-02821,EV-04,2025-07-02 11:55:50,GA,2,40.00,,completed
ORD-02822,EV-04,2025-07-02 12:08:37,GA,2,40.00,,completed
ORD-02823,EV-06,2025-07-02 12:15:40,GA,1,38.00,,completed
ORD-02824,EV-04,2025-07-02 12:18:42,GA,1,40.00,SUMMER25,completed
ORD-02825,EV-03,2025-07-02 12:19:20,GA,2,30.00,,completed
ORD-02826,EV-03,2025-07-02 12:40:54,Balcony,1,44.00,,completed
ORD-02827,EV-03,2025-07-02 13:02:20,Balcony,2,44.00,Summer25,completed
ORD-02828,EV-07,2025-07-02 13:14:02,Balcony,1,48.00,PRESSPLAY,completed
ORD-02829,EV-06,2025-07-02 13:27:55,Balcony,2,50.00,GENREGEM,completed
ORD-02830,EV-03,2025-07-02 13:32:54,VIP,2,70.00,,completed
ORD-02831,EV-06,2025-07-02 13:34:25,GA,2,38.00,SUMMER25,completed
ORD-02832,EV-05,2025-07-02 13:34:41,GA,1,42.00,SUMMER25,completed
ORD-02833,EV-04,2025-07-02 13:36:49,Balcony,2,56.00,,completed
ORD-02834,EV-06,2025-07-02 13:40:26,GA,1,38.00,,completed
ORD-02835,EV-06,2025-07-02 13:46:24,GA,2,38.00,,completed
ORD-02836,EV-04,2025-07-02 13:59:10,Balcony,1,56.00,,completed
ORD-02837,EV-03,2025-07-02 14:01:16,VIP,2,70.00,,completed
ORD-02838,EV-06,2025-07-02 14:08:24,GA,1,38.00,SUMMER25 ,completed
ORD-02839,EV-07,2025-07-02 14:12:35,Balcony,1,48.00,SUMMER25,completed
ORD-02840,EV-07,2025-07-02 14:18:10,GA,1,34.00,PLAYLOUD,completed
ORD-02841,EV-03,2025-07-02 14:19:36,VIP,1,70.00,,refunded
ORD-02842,EV-03,2025-07-02 14:23:59,GA,5,30.00,,completed
ORD-02843,EV-08,2025-07-02 14:24:20,GA,3,45.00,,completed
ORD-02844,EV-03,2025-07-02 14:28:04,GA,1,30.00,,completed
ORD-02845,EV-06,2025-07-02 14:33:58,GA,1,38.00,,completed
ORD-02846,EV-08,2025-07-02 14:37:41,Balcony,5,62.00,,completed
ORD-02847,EV-07,2025-07-02 14:57:47,GA,4,34.00,,refunded
ORD-02848,EV-07,2025-07-02 15:16:08,Balcony,1,48.00,,completed
ORD-02849,EV-05,2025-07-02 15:23:49,Balcony,4,58.00,,completed
ORD-02850,EV-05,2025-07-02 15:29:34,GA,2,42.00,SUMMER25,completed
ORD-02851,EV-04,2025-07-02 15:34:42,GA,2,40.00,GENREGEM,completed
ORD-02852,EV-05,2025-07-02 15:34:48,GA,2,42.00,LASTCALL,completed
ORD-02853,EV-04,2025-07-02 15:35:26,GA,2,40.00,,completed
ORD-02854,EV-03,2025-07-02 15:40:53,Balcony,1,44.00,LASTCALL,completed
ORD-02855,EV-06,2025-07-02 15:42:45,GA,2,38.00,,completed
ORD-02856,EV-04,2025-07-02 15:42:50,VIP,2,90.00,,completed
ORD-02857,EV-07,2025-07-02 15:50:01,GA,1,34.00,,completed
ORD-02858,EV-05,2025-07-02 15:56:34,GA,3,42.00,LASTCALL,completed
ORD-02859,EV-04,2025-07-02 16:05:52,GA,1,40.00,SUMMER25,completed
ORD-02860,EV-03,2025-07-02 16:10:28,GA,1,30.00,,completed
ORD-02861,EV-03,2025-07-02 16:20:03,GA,1,30.00,vipnight,completed
ORD-02862,EV-05,2025-07-02 16:31:01,Balcony,1,58.00,,completed
ORD-02863,EV-04,2025-07-02 16:43:59,GA,3,40.00,LASTCALL,completed
ORD-02864,EV-03,2025-07-02 16:44:27,GA,2,30.00,,completed
ORD-02865,EV-03,2025-07-02 16:59:06,GA,1,30.00,,completed
ORD-02866,EV-08,2025-07-02 17:03:47,Balcony,1,62.00,,completed
ORD-02867,EV-04,2025-07-02 17:06:39,GA,2,40.00,STUDENT10,completed
ORD-02868,EV-06,2025-07-02 17:13:14,GA,1,38.00,,completed
ORD-02869,EV-07,2025-07-02 17:15:53,GA,2,34.00,SUMMER25,completed
ORD-02870,EV-04,2025-07-02 17:17:14,VIP,1,90.00,,completed
ORD-02871,EV-05,2025-07-02 17:23:21,GA,2,42.00,,completed
ORD-02872,EV-07,2025-07-02 17:27:58,VIP,2,72.00,,completed
ORD-02873,EV-04,2025-07-02 17:34:54,Balcony,2,56.00,GENREGEM,completed
ORD-02874,EV-04,2025-07-02 17:34:55,GA,3,40.00,,completed
ORD-02875,EV-06,2025-07-02 17:42:21,VIP,3,80.00,,completed
ORD-02876,EV-08,2025-07-02 17:44:13,GA,5,45.00,SUMMER25,completed
ORD-02877,EV-04,2025-07-02 17:52:00,Balcony,3,56.00,STREET15,completed
ORD-02878,EV-03,2025-07-02 17:58:07,Balcony,2,44.00,,completed
ORD-02879,EV-05,2025-07-02 18:05:11,Balcony,2,58.00,,completed
ORD-02880,EV-03,2025-07-02 18:07:58,VIP,1,70.00,STREET15,completed
ORD-02881,EV-03,2025-07-02 18:09:34,GA,4,30.00,LASTCALL,completed
ORD-02882,EV-03,2025-07-02 18:11:11,GA,5,30.00,STREET15,completed
ORD-02883,EV-04,2025-07-02 18:17:14,GA,4,40.00,,completed
ORD-02884,EV-04,2025-07-02 18:20:00,GA,2,40.00,,completed
ORD-02885,EV-04,2025-07-02 18:23:02,GA,1,40.00,FINDUS,completed
ORD-02886,EV-05,2025-07-02 18:24:00,VIP,2,95.00,,completed
ORD-02887,EV-06,2025-07-02 18:24:20,GA,2,38.00,FINDUS,completed
ORD-02888,EV-05,2025-07-02 18:24:55,VIP,2,95.00,,completed
ORD-02889,EV-06,2025-07-02 18:29:46,GA,1,38.00,,completed
ORD-02890,EV-06,2025-07-02 18:30:42,GA,2,38.00,,completed
ORD-02891,EV-08,2025-07-02 18:32:00,GA,2,45.00,,completed
ORD-02892,EV-04,2025-07-02 18:34:41,GA,1,40.00,,completed
ORD-02893,EV-04,2025-07-02 18:38:21,GA,1,40.00,LASTCALL,completed
ORD-02894,EV-07,2025-07-02 18:45:03,VIP,2,72.00,,completed
ORD-02895,EV-03,2025-07-02 18:49:32,GA,1,30.00,STREET15,completed
ORD-02896,EV-03,2025-07-02 18:51:48,GA,2,30.00,,completed
ORD-02897,EV-05,2025-07-02 18:55:33,Balcony,1,58.00,GENREGEM,completed
ORD-02898,EV-03,2025-07-02 18:55:47,GA,2,30.00,,completed
ORD-02899,EV-05,2025-07-02 18:57:10,GA,2,42.00,,completed
ORD-02900,EV-06,2025-07-02 19:00:30,VIP,1,80.00,,refunded
ORD-02901,EV-06,2025-07-02 19:04:41,GA,2,38.00,,completed
ORD-02902,EV-08,2025-07-02 19:15:13,GA,2,45.00,SUMMER25,completed
ORD-02903,EV-05,2025-07-02 19:18:46,GA,3,42.00,FINDUS,completed
ORD-02904,EV-04,2025-07-02 19:21:39,Balcony,6,56.00,,completed
ORD-02905,EV-05,2025-07-02 19:24:18,GA,1,42.00,LASTCALL,refunded
ORD-02906,EV-05,2025-07-02 19:27:46,GA,1,42.00,STREET15,completed
ORD-02907,EV-07,2025-07-02 19:28:40,VIP,1,72.00,,completed
ORD-02908,EV-05,2025-07-02 19:34:52,GA,1,42.00,,completed
ORD-02909,EV-04,2025-07-02 19:41:12,GA,1,40.00,,completed
ORD-02910,EV-05,2025-07-02 19:48:39,GA,3,42.00,,completed
ORD-02911,EV-07,2025-07-02 19:49:09,GA,2,34.00,GENREGEM,completed
ORD-02912,EV-04,2025-07-02 19:56:44,Balcony,5,56.00,,completed
ORD-02913,EV-06,2025-07-02 19:56:49,GA,2,38.00,SUMMER25,completed
ORD-02914,EV-04,2025-07-02 19:57:36,Balcony,3,56.00,,completed
ORD-02915,EV-06,2025-07-02 20:00:25,GA,3,38.00,LASTCALL,completed
ORD-02916,EV-06,2025-07-02 20:00:55,GA,1,38.00,,completed
ORD-02917,EV-07,2025-07-02 20:03:05,GA,3,34.00,GENREGEM,completed
ORD-02918,EV-05,2025-07-02 20:04:43,GA,2,42.00,PLAYLOUD,completed
ORD-02919,EV-04,2025-07-02 20:04:55,GA,5,40.00,,completed
ORD-02920,EV-07,2025-07-02 20:11:27,GA,1,34.00,,completed
ORD-02921,EV-03,2025-07-02 20:14:20,VIP,2,70.00,PRESSPLAY,completed
ORD-02922,EV-03,2025-07-02 20:15:42,VIP,1,70.00,SUMMER25,completed
ORD-02923,EV-05,2025-07-02 20:18:17,GA,1,42.00,,completed
ORD-02924,EV-03,2025-07-02 20:19:53,GA,3,30.00,PLAYLOUD,completed
ORD-02925,EV-04,2025-07-02 20:21:20,GA,3,40.00,,completed
ORD-02926,EV-06,2025-07-02 20:24:10,GA,2,38.00,SUMMER25,completed
ORD-02927,EV-03,2025-07-02 20:26:50,Balcony,2,44.00,LASTCALL,completed
ORD-02928,EV-05,2025-07-02 20:28:15,GA,1,42.00,,completed
ORD-02929,EV-03,2025-07-02 20:28:20,VIP,2,70.00,SUMMER25,completed
ORD-02930,EV-04,2025-07-02 20:28:53,GA,3,40.00,,refunded
ORD-02931,EV-05,2025-07-02 20:30:18,GA,3,42.00,,completed
ORD-02932,EV-05,2025-07-02 20:36:48,GA,1,42.00,FINDUS,completed
ORD-02933,EV-03,2025-07-02 20:41:43,Balcony,1,44.00,,completed
ORD-02934,EV-04,2025-07-02 20:46:24,VIP,1,90.00,,completed
ORD-02935,EV-08,2025-07-02 20:47:26,GA,3,45.00,,completed
ORD-02936,EV-04,2025-07-02 20:52:15,GA,2,40.00,,completed
ORD-02937,EV-07,2025-07-02 20:57:09,GA,3,34.00,,completed
ORD-02938,EV-05,2025-07-02 20:58:54,GA,1,42.00,PLAYLOUD,completed
ORD-02939,EV-06,2025-07-02 21:01:49,GA,3,38.00,SUMMER25,completed
ORD-02940,EV-05,2025-07-02 21:02:22,GA,1,42.00,,completed
ORD-02941,EV-07,2025-07-02 21:04:35,VIP,2,72.00,FINDUS,completed
ORD-02942,EV-03,2025-07-02 21:06:37,GA,1,30.00,FINDUS,completed
ORD-02943,EV-03,2025-07-02 21:14:08,Balcony,1,44.00,,completed
ORD-02944,EV-05,2025-07-02 21:19:14,GA,5,42.00,lastcall,completed
ORD-02945,EV-03,2025-07-02 21:19:22,GA,2,30.00,,completed
ORD-02946,EV-04,2025-07-02 21:22:56,Balcony,1,56.00,STREET15,completed
ORD-02947,EV-08,2025-07-02 21:24:54,GA,4,45.00,LASTCALL,completed
ORD-02948,EV-05,2025-07-02 21:25:29,GA,2,42.00,LASTCALL,completed
ORD-02949,EV-08,2025-07-02 21:29:10,GA,3,45.00,,refunded
ORD-02950,EV-03,2025-07-02 21:31:55,GA,5,30.00,PRESSPLAY,completed
ORD-02951,EV-06,2025-07-02 21:35:14,GA,1,38.00,,completed
ORD-02952,EV-06,2025-07-02 21:36:48,GA,1,38.00,PRESSPLAY,completed
ORD-02953,EV-04,2025-07-02 21:43:38,GA,4,40.00,,completed
ORD-02954,EV-06,2025-07-02 21:49:06,GA,1,38.00,summer25,completed
ORD-02955,EV-04,2025-07-02 21:49:09,GA,5,40.00,,refunded
ORD-02956,EV-06,2025-07-02 21:50:49,GA,1,38.00,,completed
ORD-02957,EV-06,2025-07-02 21:51:45,GA,3,38.00,,completed
ORD-02958,EV-08,2025-07-02 22:09:57,Balcony,2,62.00,,completed
ORD-02959,EV-06,2025-07-02 22:15:08,VIP,1,80.00,SUMMER25,completed
ORD-02960,EV-04,2025-07-02 22:31:59,GA,5,40.00,FINDUS,completed
ORD-02961,EV-04,2025-07-02 22:32:06,GA,1,40.00,LASTCALL,completed
ORD-02962,EV-06,2025-07-02 22:34:27,Balcony,2,50.00,PLAYLOUD,completed
ORD-02963,EV-04,2025-07-02 22:40:01,Balcony,3,56.00,PLAYLOUD,completed
ORD-02964,EV-04,2025-07-02 22:44:46,Balcony,1,56.00,,completed
ORD-02965,EV-04,2025-07-02 22:44:54,GA,1,40.00,LASTCALL,completed
ORD-02966,EV-07,2025-07-02 22:47:21,VIP,1,72.00,,completed
ORD-02967,EV-03,2025-07-02 22:47:29,Balcony,4,44.00,,completed
ORD-02968,EV-04,2025-07-02 22:50:01,Balcony,4,56.00,,completed
ORD-02969,EV-08,2025-07-02 22:50:19,GA,2,45.00,,completed
ORD-02970,EV-05,2025-07-02 22:58:26,GA,2,42.00,,completed
ORD-02971,EV-06,2025-07-02 23:00:09,GA,4,38.00,FINDUS,completed
ORD-02972,EV-03,2025-07-02 23:00:33,Balcony,2,44.00,,refunded
ORD-02973,EV-07,2025-07-02 23:00:48,Balcony,1,48.00,LASTCALL,completed
ORD-02974,EV-05,2025-07-02 23:17:48,Balcony,2,58.00,,completed
ORD-02975,EV-04,2025-07-02 23:21:09,Balcony,2,56.00,Summer25,completed
ORD-02976,EV-03,2025-07-02 23:31:43,Balcony,2,44.00,STREET15,completed
ORD-02977,EV-04,2025-07-02 23:36:35,Balcony,1,56.00,,completed
ORD-02978,EV-03,2025-07-02 23:39:23,GA,2,30.00,PLAYLOUD,completed
ORD-02979,EV-05,2025-07-02 23:43:05,GA,2,42.00,,completed
ORD-02980,EV-05,2025-07-02 23:49:13,GA,3,42.00,,completed
ORD-02981,EV-04,2025-07-03 01:29:21,VIP,4,90.00,,completed
ORD-02982,EV-05,2025-07-03 01:39:03,GA,2,42.00,,completed
ORD-02983,EV-05,2025-07-03 02:27:55,GA,2,42.00,,refunded
ORD-02984,EV-04,2025-07-03 05:06:11,GA,3,40.00,,completed
ORD-02985,EV-08,2025-07-03 05:17:19,GA,5,45.00,,completed
ORD-02986,EV-05,2025-07-03 05:24:24,VIP,1,95.00,,completed
ORD-02987,EV-05,2025-07-03 06:36:30,GA,4,42.00,,completed
ORD-02988,EV-04,2025-07-03 07:18:52,GA,1,40.00,,completed
ORD-02989,EV-05,2025-07-03 07:54:36,GA,2,42.00,,completed
ORD-02990,EV-08,2025-07-03 08:11:14,VIP,1,110.00,,completed
ORD-02991,EV-07,2025-07-03 08:25:34,GA,2,34.00,,completed
ORD-02992,EV-08,2025-07-03 08:32:49,GA,2,45.00,LASTCALL,refunded
ORD-02993,EV-04,2025-07-03 08:50:15,Balcony,6,56.00,LASTCALL,completed
ORD-02994,EV-06,2025-07-03 08:53:59,GA,1,38.00,,completed
ORD-02995,EV-04,2025-07-03 08:58:30,VIP,2,90.00,,completed
ORD-02996,EV-04,2025-07-03 09:15:29,GA,2,40.00,,completed
ORD-02997,EV-04,2025-07-03 09:30:50,Balcony,5,56.00,LASTCALL,completed
ORD-02998,EV-08,2025-07-03 09:31:51,GA,2,45.00,,completed
ORD-02999,EV-05,2025-07-03 09:45:35,GA,1,42.00,,completed
ORD-03000,EV-04,2025-07-03 10:04:08,GA,2,40.00,VIPNIGHT,completed
ORD-03001,EV-08,2025-07-03 10:13:10,Balcony,2,62.00,SUMMER25,completed
ORD-03002,EV-08,2025-07-03 10:24:03,GA,1,45.00,,completed
ORD-03003,EV-05,2025-07-03 10:26:26,Balcony,2,58.00,,completed
ORD-03004,EV-04,2025-07-03 10:41:22,GA,6,40.00,,completed
ORD-03005,EV-04,2025-07-03 10:47:48,Balcony,1,56.00,,completed
ORD-03006,EV-04,2025-07-03 10:53:53,Balcony,2,56.00,SUMMER25,completed
ORD-03007,EV-08,2025-07-03 11:02:02,GA,2,45.00,GENREGEM,completed
ORD-03008,EV-04,2025-07-03 11:09:05,GA,2,40.00,LASTCALL,completed
ORD-03009,EV-04,2025-07-03 11:17:36,GA,1,40.00,SUMMER25,completed
ORD-03010,EV-05,2025-07-03 11:21:46,VIP,2,95.00,,completed
ORD-03011,EV-06,2025-07-03 11:25:18,Balcony,2,50.00,,completed
ORD-03012,EV-06,2025-07-03 11:39:40,GA,3,38.00,,completed
ORD-03013,EV-04,2025-07-03 11:44:45,VIP,1,90.00,LASTCALL,completed
ORD-03014,EV-04,2025-07-03 11:58:23,Balcony,2,56.00,,completed
ORD-03015,EV-04,2025-07-03 12:03:07,Balcony,4,56.00,PLAYLOUD,completed
ORD-03016,EV-04,2025-07-03 12:07:14,GA,4,40.00,SUMMER25,completed
ORD-03017,EV-06,2025-07-03 12:07:56,Balcony,3,50.00,,completed
ORD-03018,EV-05,2025-07-03 12:08:20,GA,2,42.00,STUDENT10,completed
ORD-03019,EV-04,2025-07-03 12:09:35,Balcony,2,56.00,STUDENT10,completed
ORD-03020,EV-06,2025-07-03 12:16:44,Balcony,2,50.00,FINDUS,completed
ORD-03021,EV-06,2025-07-03 12:21:43,GA,2,38.00,,completed
ORD-03022,EV-04,2025-07-03 12:24:22,VIP,1,90.00, LASTCALL,completed
ORD-03023,EV-04,2025-07-03 12:27:23,GA,2,40.00,,completed
ORD-03024,EV-05,2025-07-03 12:33:23,VIP,2,95.00,FINDUS,completed
ORD-03025,EV-04,2025-07-03 12:37:58,GA,1,40.00,,completed
ORD-03026,EV-04,2025-07-03 12:45:47,GA,2,40.00,SUMMER25,completed
ORD-03027,EV-06,2025-07-03 12:46:10,Balcony,2,50.00,,completed
ORD-03028,EV-07,2025-07-03 12:46:22,GA,3,34.00,LASTCALL,completed
ORD-03029,EV-04,2025-07-03 12:52:40,GA,4,40.00,GENREGEM,completed
ORD-03030,EV-06,2025-07-03 12:58:25,GA,4,38.00,,completed
ORD-03031,EV-06,2025-07-03 13:00:20,Balcony,2,50.00,GENREGEM,completed
ORD-03032,EV-04,2025-07-03 13:05:36,VIP,1,90.00,,completed
ORD-03033,EV-07,2025-07-03 13:08:01,GA,1,34.00,SUMMER25,completed
ORD-03034,EV-04,2025-07-03 13:17:07,GA,3,40.00,,completed
ORD-03035,EV-06,2025-07-03 13:25:33,GA,2,38.00,,completed
ORD-03036,EV-05,2025-07-03 13:32:17,GA,2,42.00,,completed
ORD-03037,EV-04,2025-07-03 13:46:27,GA,3,40.00,,completed
ORD-03038,EV-06,2025-07-03 14:03:15,GA,1,38.00,,refunded
ORD-03039,EV-07,2025-07-03 14:20:00,GA,2,34.00,GENREGEM,completed
ORD-03040,EV-05,2025-07-03 14:26:51,GA,1,42.00,,completed
ORD-03041,EV-04,2025-07-03 14:41:06,Balcony,2,56.00,LASTCALL,completed
ORD-03042,EV-08,2025-07-03 14:41:23,GA,1,45.00,,completed
ORD-03043,EV-07,2025-07-03 14:43:50,Balcony,1,48.00,PLAYLOUD,completed
ORD-03044,EV-05,2025-07-03 14:48:42,GA,1,42.00,SUMMER25,completed
ORD-03045,EV-05,2025-07-03 14:53:03,Balcony,5,58.00,,refunded
ORD-03046,EV-04,2025-07-03 14:59:31,GA,1,40.00,GENREGEM,completed
ORD-03047,EV-06,2025-07-03 15:01:39,VIP,1,80.00,LASTCALL,completed
ORD-03048,EV-06,2025-07-03 15:08:59,VIP,5,80.00,,completed
ORD-03049,EV-04,2025-07-03 15:12:22,GA,4,40.00,,completed
ORD-03050,EV-04,2025-07-03 15:18:13,GA,3,40.00,SUMMER25,completed
ORD-03051,EV-04,2025-07-03 15:19:00,GA,2,40.00,STREET15,completed
ORD-03052,EV-06,2025-07-03 15:23:12,VIP,3,80.00,,completed
ORD-03053,EV-07,2025-07-03 15:23:36,GA,1,34.00,,completed
ORD-03054,EV-05,2025-07-03 15:25:38,GA,1,42.00,,refunded
ORD-03055,EV-06,2025-07-03 15:34:44,GA,1,38.00,GENREGEM,completed
ORD-03056,EV-07,2025-07-03 15:36:55,Balcony,2,48.00,GENREGEM,completed
ORD-03057,EV-05,2025-07-03 15:39:27,GA,5,42.00,STUDENT10,completed
ORD-03058,EV-04,2025-07-03 16:01:15,GA,2,40.00,LASTCALL,completed
ORD-03059,EV-04,2025-07-03 16:02:51,VIP,5,90.00,SUMMER25,refunded
ORD-03060,EV-04,2025-07-03 16:10:50,GA,2,40.00,,completed
ORD-03061,EV-06,2025-07-03 16:12:19,GA,4,38.00,,completed
ORD-03062,EV-04,2025-07-03 16:18:02,VIP,1,90.00,SUMMER25,completed
ORD-03063,EV-05,2025-07-03 16:37:57,GA,1,42.00,GENREGEM,completed
ORD-03064,EV-05,2025-07-03 16:57:59,Balcony,6,58.00,STREET15,completed
ORD-03065,EV-05,2025-07-03 17:01:50,GA,4,42.00,SUMMER25,completed
ORD-03066,EV-06,2025-07-03 17:03:10,Balcony,2,50.00,,completed
ORD-03067,EV-06,2025-07-03 17:03:15,GA,2,38.00,PLAYLOUD,completed
ORD-03068,EV-04,2025-07-03 17:04:17,GA,2,40.00,,completed
ORD-03069,EV-05,2025-07-03 17:05:55,GA,1,42.00,FINDUS,completed
ORD-03070,EV-04,2025-07-03 17:10:30,GA,3,40.00,STREET15,completed
ORD-03071,EV-05,2025-07-03 17:14:26,GA,5,42.00,GENREGEM,completed
ORD-03072,EV-08,2025-07-03 17:22:59,VIP,2,110.00,Vipnight,completed
ORD-03073,EV-04,2025-07-03 17:23:20,GA,4,40.00,SUMMER25,completed
ORD-03074,EV-06,2025-07-03 17:27:03,GA,1,38.00,,refunded
ORD-03075,EV-05,2025-07-03 17:48:04,GA,3,42.00,PLAYLOUD,completed
ORD-03076,EV-05,2025-07-03 17:48:11,GA,2,42.00,STUDENT10,completed
ORD-03077,EV-05,2025-07-03 17:52:07,GA,3,42.00,,refunded
ORD-03078,EV-07,2025-07-03 17:54:11,GA,4,34.00,,completed
ORD-03079,EV-07,2025-07-03 17:59:04,GA,3,34.00,,completed
ORD-03080,EV-05,2025-07-03 17:59:35,Balcony,2,58.00,LASTCALL,completed
ORD-03081,EV-08,2025-07-03 18:11:07,GA,2,45.00,,completed
ORD-03082,EV-06,2025-07-03 18:14:44,Balcony,1,50.00,,completed
ORD-03083,EV-07,2025-07-03 18:15:34,GA,2,34.00,SUMMER25,refunded
ORD-03084,EV-05,2025-07-03 18:16:22,Balcony,2,58.00,,completed
ORD-03085,EV-05,2025-07-03 18:17:46,VIP,1,95.00,,completed
ORD-03086,EV-08,2025-07-03 18:20:04,VIP,4,110.00,,completed
ORD-03087,EV-04,2025-07-03 18:23:34,GA,3,40.00,,completed
ORD-03088,EV-06,2025-07-03 18:24:45,GA,5,38.00,GENREGEM,completed
ORD-03089,EV-04,2025-07-03 18:31:51,VIP,5,90.00,,completed
ORD-03090,EV-07,2025-07-03 18:32:34,GA,2,34.00,,refunded
ORD-03091,EV-08,2025-07-03 18:33:48,GA,1,45.00,,completed
ORD-03092,EV-05,2025-07-03 18:36:40,GA,1,42.00,,completed
ORD-03093,EV-04,2025-07-03 18:38:11,VIP,4,90.00,PLAYLOUD,completed
ORD-03094,EV-05,2025-07-03 18:39:46,GA,5,42.00,LASTCALL,completed
ORD-03095,EV-07,2025-07-03 18:41:10,GA,2,34.00,,completed
ORD-03096,EV-04,2025-07-03 18:41:44,GA,3,40.00,,completed
ORD-03097,EV-07,2025-07-03 18:43:42,GA,2,34.00,SUMMER25,completed
ORD-03098,EV-05,2025-07-03 18:47:07,GA,1,42.00,GENREGEM,completed
ORD-03099,EV-06,2025-07-03 18:52:37,Balcony,2,50.00,VIPNIGHT,completed
ORD-03100,EV-05,2025-07-03 18:54:21,Balcony,2,58.00,,completed
ORD-03101,EV-04,2025-07-03 18:57:00,GA,2,40.00,,completed
ORD-03102,EV-06,2025-07-03 18:59:09,GA,2,38.00,PLAYLOUD,completed
ORD-03103,EV-04,2025-07-03 19:00:52,GA,4,40.00,STREET15,completed
ORD-03104,EV-07,2025-07-03 19:01:58,GA,2,34.00,FINDUS,completed
ORD-03105,EV-04,2025-07-03 19:02:06,GA,1,40.00,,completed
ORD-03106,EV-04,2025-07-03 19:11:00,Balcony,5,56.00,ENCORE,completed
ORD-03107,EV-06,2025-07-03 19:15:14,GA,2,38.00,,completed
ORD-03108,EV-04,2025-07-03 19:18:48,Balcony,3,56.00,,refunded
ORD-03109,EV-04,2025-07-03 19:19:46,GA,2,40.00,,completed
ORD-03110,EV-05,2025-07-03 19:19:52,VIP,1,95.00,,completed
ORD-03111,EV-07,2025-07-03 19:21:57,GA,1,34.00,,completed
ORD-03112,EV-04,2025-07-03 19:23:04,Balcony,1,56.00,,completed
ORD-03113,EV-04,2025-07-03 19:24:43,GA,1,40.00,Playloud,completed
ORD-03114,EV-06,2025-07-03 19:25:23,GA,1,38.00,,completed
ORD-03115,EV-07,2025-07-03 19:36:48,Balcony,2,48.00,,completed
ORD-03116,EV-04,2025-07-03 19:42:10,GA,2,40.00,STREET15,completed
ORD-03117,EV-04,2025-07-03 19:43:09,Balcony,1,56.00,,completed
ORD-03118,EV-04,2025-07-03 19:45:14,GA,1,40.00,,completed
ORD-03119,EV-05,2025-07-03 19:47:26,GA,2,42.00,,completed
ORD-03120,EV-04,2025-07-03 19:48:03,Balcony,2,56.00,,completed
ORD-03121,EV-07,2025-07-03 20:00:30,GA,5,34.00,,completed
ORD-03122,EV-07,2025-07-03 20:00:30,GA,2,34.00,SUMMER25,completed
ORD-03123,EV-04,2025-07-03 20:06:27,GA,1,40.00,,refunded
ORD-03124,EV-07,2025-07-03 20:06:53,GA,3,34.00,,completed
ORD-03125,EV-05,2025-07-03 20:10:47,GA,1,42.00,,completed
ORD-03126,EV-07,2025-07-03 20:11:38,GA,1,34.00,STUDENT10,completed
ORD-03127,EV-07,2025-07-03 20:14:54,GA,1,34.00,LASTCALL,refunded
ORD-03128,EV-05,2025-07-03 20:17:05,VIP,1,95.00,,completed
ORD-03129,EV-04,2025-07-03 20:20:09,GA,1,40.00,,completed
ORD-03130,EV-05,2025-07-03 20:22:15,GA,2,42.00,SUMMER25,completed
ORD-03131,EV-04,2025-07-03 20:23:46,VIP,1,90.00,SUMMER25,completed
ORD-03132,EV-06,2025-07-03 20:24:54,GA,1,38.00,GENREGEM,completed
ORD-03133,EV-04,2025-07-03 20:25:39,GA,1,40.00,LASTCALL,completed
ORD-03134,EV-04,2025-07-03 20:28:10,VIP,2,90.00,,completed
ORD-03135,EV-04,2025-07-03 20:29:51,Balcony,1,56.00,LASTCALL,completed
ORD-03136,EV-04,2025-07-03 20:30:40,GA,6,40.00,,completed
ORD-03137,EV-07,2025-07-03 20:33:19,Balcony,4,48.00,,completed
ORD-03138,EV-08,2025-07-03 20:39:34,VIP,1,110.00,,completed
ORD-03139,EV-04,2025-07-03 20:43:24,GA,2,40.00,SUMMER25,completed
ORD-03140,EV-04,2025-07-03 20:50:59,GA,3,40.00,,completed
ORD-03141,EV-05,2025-07-03 20:53:40,GA,6,42.00,STREET15,completed
ORD-03142,EV-05,2025-07-03 20:56:05,GA,1,42.00,,completed
ORD-03143,EV-04,2025-07-03 20:57:14,GA,2,40.00,ENCORE,completed
ORD-03144,EV-06,2025-07-03 21:01:26,GA,2,38.00,PLAYLOUD,completed
ORD-03145,EV-04,2025-07-03 21:08:09,Balcony,3,56.00,GENREGEM,completed
ORD-03146,EV-05,2025-07-03 21:12:52,GA,1,42.00,,completed
ORD-03147,EV-05,2025-07-03 21:15:07,GA,2,42.00,,completed
ORD-03148,EV-04,2025-07-03 21:16:46,Balcony,5,56.00,,completed
ORD-03149,EV-06,2025-07-03 21:17:21,GA,1,38.00,,completed
ORD-03150,EV-05,2025-07-03 21:19:28,VIP,1,95.00,GENREGEM,completed
ORD-03151,EV-08,2025-07-03 21:19:32,GA,1,45.00,PLAYLOUD,completed
ORD-03152,EV-06,2025-07-03 21:22:25,GA,1,38.00,,refunded
ORD-03153,EV-05,2025-07-03 21:24:48,GA,2,42.00,,completed
ORD-03154,EV-08,2025-07-03 21:27:28,GA,1,45.00,LASTCALL,completed
ORD-03155,EV-04,2025-07-03 21:27:38,GA,1,40.00,GENREGEM,completed
ORD-03156,EV-06,2025-07-03 21:27:48,GA,1,38.00,,completed
ORD-03157,EV-06,2025-07-03 21:28:34,GA,1,38.00,,completed
ORD-03158,EV-05,2025-07-03 21:29:49,Balcony,2,58.00,,refunded
ORD-03159,EV-08,2025-07-03 21:30:12,GA,1,45.00,,completed
ORD-03160,EV-04,2025-07-03 21:31:43,VIP,1,90.00,FINDUS,refunded
ORD-03161,EV-04,2025-07-03 21:37:19,Balcony,2,56.00,LASTCALL,completed
ORD-03162,EV-04,2025-07-03 21:38:31,GA,1,40.00,,completed
ORD-03163,EV-06,2025-07-03 21:47:45,VIP,3,80.00,,completed
ORD-03164,EV-05,2025-07-03 21:50:18,GA,1,42.00,FINDUS,completed
ORD-03165,EV-04,2025-07-03 21:52:12,Balcony,2,56.00,,refunded
ORD-03166,EV-07,2025-07-03 21:52:49,GA,1,34.00,SUMMER25,completed
ORD-03167,EV-04,2025-07-03 21:53:22,GA,1,40.00,ENCORE,completed
ORD-03168,EV-05,2025-07-03 21:55:27,GA,2,42.00,,completed
ORD-03169,EV-07,2025-07-03 21:56:56,Balcony,2,48.00,,completed
ORD-03170,EV-04,2025-07-03 22:04:16,Balcony,1,56.00,,completed
ORD-03171,EV-04,2025-07-03 22:08:29,GA,4,40.00,SUMMER25,completed
ORD-03172,EV-08,2025-07-03 22:09:44,GA,1,45.00,,completed
ORD-03173,EV-04,2025-07-03 22:11:01,GA,5,40.00,GENREGEM,completed
ORD-03174,EV-05,2025-07-03 22:20:15,GA,4,42.00,,completed
ORD-03175,EV-05,2025-07-03 22:29:47,GA,2,42.00,,completed
ORD-03176,EV-05,2025-07-03 22:31:01,GA,2,42.00,,completed
ORD-03177,EV-04,2025-07-03 22:32:52,GA,1,40.00,LASTCALL,completed
ORD-03178,EV-08,2025-07-03 22:36:46,GA,2,45.00,STUDENT10,completed
ORD-03179,EV-05,2025-07-03 22:43:36,GA,2,42.00,,completed
ORD-03180,EV-05,2025-07-03 22:43:37,Balcony,6,58.00,STREET15,completed
ORD-03181,EV-07,2025-07-03 22:44:19,Balcony,1,48.00,,completed
ORD-03182,EV-04,2025-07-03 22:44:53,GA,1,40.00,,completed
ORD-03183,EV-07,2025-07-03 22:45:16,Balcony,4,48.00,,completed
ORD-03184,EV-06,2025-07-03 22:47:04,GA,1,38.00,GENREGEM,completed
ORD-03185,EV-06,2025-07-03 22:48:58,GA,1,38.00,PLAYLOUD,completed
ORD-03186,EV-05,2025-07-03 22:49:22,GA,1,42.00,SUMMER25,completed
ORD-03187,EV-07,2025-07-03 22:56:05,GA,2,34.00,STREET15,completed
ORD-03188,EV-07,2025-07-03 23:13:23,GA,2,34.00,LASTCALL,completed
ORD-03189,EV-07,2025-07-03 23:18:49,GA,1,34.00,STREET15,completed
ORD-03190,EV-05,2025-07-03 23:31:01,GA,3,42.00,,completed
ORD-03191,EV-05,2025-07-03 23:34:29,GA,5,42.00,,refunded
ORD-03192,EV-07,2025-07-03 23:53:34,GA,3,34.00,GENREGEM,completed
ORD-03193,EV-06,2025-07-04 00:34:09,Balcony,1,50.00,,completed
ORD-03194,EV-05,2025-07-04 01:02:43,VIP,1,95.00,SUMMER25,completed
ORD-03195,EV-08,2025-07-04 02:29:30,GA,1,45.00,,completed
ORD-03196,EV-08,2025-07-04 03:25:20,VIP,3,110.00,,refunded
ORD-03197,EV-05,2025-07-04 06:46:53,Balcony,1,58.00,STUDENT10,refunded
ORD-03198,EV-06,2025-07-04 07:27:08,GA,2,38.00,,completed
ORD-03199,EV-07,2025-07-04 07:37:20,GA,4,34.00,,completed
ORD-03200,EV-07,2025-07-04 08:11:07,VIP,6,72.00,,completed
ORD-03201,EV-08,2025-07-04 08:14:29,Balcony,2,62.00,,completed
ORD-03202,EV-06,2025-07-04 08:29:58,VIP,4,80.00,,refunded
ORD-03203,EV-08,2025-07-04 08:47:06,GA,3,45.00,STREET15,completed
ORD-03204,EV-08,2025-07-04 08:48:05,GA,1,45.00,,refunded
ORD-03205,EV-07,2025-07-04 08:55:17,Balcony,1,48.00,SUMMER25,refunded
ORD-03206,EV-08,2025-07-04 09:12:33,GA,2,45.00,,completed
ORD-03207,EV-06,2025-07-04 09:16:49,VIP,2,80.00,,completed
ORD-03208,EV-08,2025-07-04 09:26:34,VIP,1,110.00,SUMMER25,completed
ORD-03209,EV-05,2025-07-04 09:45:38,GA,1,42.00,STREET15,completed
ORD-03210,EV-05,2025-07-04 09:50:49,GA,2,42.00,SUMMER25,completed
ORD-03211,EV-05,2025-07-04 10:10:45,GA,2,42.00,,completed
ORD-03212,EV-05,2025-07-04 10:30:29,GA,4,42.00,,completed
ORD-03213,EV-08,2025-07-04 10:36:52,GA,5,45.00,PLAYLOUD,completed
ORD-03214,EV-05,2025-07-04 10:44:04,GA,3,42.00,SUMMER25,refunded
ORD-03215,EV-05,2025-07-04 10:46:15,GA,4,42.00,SUMMER25,completed
ORD-03216,EV-08,2025-07-04 10:57:00,Balcony,1,62.00,,completed
ORD-03217,EV-05,2025-07-04 11:04:08,GA,4,42.00,GENREGEM,completed
ORD-03218,EV-05,2025-07-04 11:06:30,GA,2,42.00,,completed
ORD-03219,EV-05,2025-07-04 11:06:34,Balcony,2,58.00,LASTCALL,completed
ORD-03220,EV-07,2025-07-04 11:07:58,Balcony,3,48.00,SUMMER25,completed
ORD-03221,EV-06,2025-07-04 11:17:32,GA,2,38.00,FINDUS,completed
ORD-03222,EV-05,2025-07-04 11:19:43,VIP,4,95.00,SUMMER25,completed
ORD-03223,EV-08,2025-07-04 11:24:16,VIP,1,110.00,SUMMER25,completed
ORD-03224,EV-07,2025-07-04 11:42:05,Balcony,1,48.00,summer25,completed
ORD-03225,EV-08,2025-07-04 11:52:35,GA,6,45.00,,completed
ORD-03226,EV-05,2025-07-04 11:55:52,VIP,1,95.00,FINDUS,completed
ORD-03227,EV-07,2025-07-04 12:09:57,GA,4,34.00,,completed
ORD-03228,EV-08,2025-07-04 12:10:19,GA,1,45.00,,completed
ORD-03229,EV-06,2025-07-04 12:13:13,GA,2,38.00,,completed
ORD-03230,EV-07,2025-07-04 12:14:47,GA,2,34.00,,completed
ORD-03231,EV-05,2025-07-04 12:30:09,GA,2,42.00,PLAYLOUD,completed
ORD-03232,EV-07,2025-07-04 12:42:18,VIP,2,72.00,SUMMER25,completed
ORD-03233,EV-06,2025-07-04 12:48:28,GA,3,38.00,,completed
ORD-03234,EV-08,2025-07-04 12:57:22,GA,2,45.00,,completed
ORD-03235,EV-07,2025-07-04 13:00:09,Balcony,5,48.00,,completed
ORD-03236,EV-05,2025-07-04 13:05:05,GA,5,42.00,,completed
ORD-03237,EV-05,2025-07-04 13:12:36,GA,2,42.00,SUMMER25,completed
ORD-03238,EV-08,2025-07-04 13:48:35,VIP,2,110.00,,completed
ORD-03239,EV-08,2025-07-04 14:05:27,GA,1,45.00,LASTCALL,completed
ORD-03240,EV-06,2025-07-04 14:07:31,Balcony,2,50.00,,completed
ORD-03241,EV-05,2025-07-04 14:17:05,GA,2,42.00,SUMMER25,completed
ORD-03242,EV-05,2025-07-04 14:38:48,GA,1,42.00,,completed
ORD-03243,EV-07,2025-07-04 14:54:57,GA,2,34.00,STREET15,completed
ORD-03244,EV-05,2025-07-04 15:01:54,Balcony,2,58.00,,completed
ORD-03245,EV-05,2025-07-04 15:03:34,VIP,3,95.00,,completed
ORD-03246,EV-05,2025-07-04 15:19:01,GA,1,42.00,,completed
ORD-03247,EV-07,2025-07-04 15:42:48,GA,2,34.00,,completed
ORD-03248,EV-06,2025-07-04 15:57:55,GA,2,38.00,,completed
ORD-03249,EV-05,2025-07-04 16:05:56,VIP,3,95.00,,completed
ORD-03250,EV-07,2025-07-04 16:10:35,Balcony,3,48.00,,completed
ORD-03251,EV-05,2025-07-04 16:22:25,VIP,2,95.00,LASTCALL,completed
ORD-03252,EV-06,2025-07-04 16:24:01,Balcony,2,50.00,,refunded
ORD-03253,EV-08,2025-07-04 16:24:02,GA,1,45.00,PLAYLOUD,completed
ORD-03254,EV-06,2025-07-04 16:30:40,GA,2,38.00,,completed
ORD-03255,EV-08,2025-07-04 16:51:25,GA,2,45.00,,refunded
ORD-03256,EV-05,2025-07-04 17:09:30,GA,2,42.00,,completed
ORD-03257,EV-05,2025-07-04 17:12:17,VIP,2,95.00,,completed
ORD-03258,EV-05,2025-07-04 17:18:32,GA,2,42.00,LASTCALL,refunded
ORD-03259,EV-07,2025-07-04 17:19:21,GA,2,34.00,,completed
ORD-03260,EV-05,2025-07-04 17:21:15,GA,3,42.00,STREET15,completed
ORD-03261,EV-06,2025-07-04 17:22:04,Balcony,4,50.00,PLAYLOUD,completed
ORD-03262,EV-06,2025-07-04 17:24:06,Balcony,2,50.00, SUMMER25,completed
ORD-03263,EV-06,2025-07-04 17:36:10,Balcony,4,50.00,,refunded
ORD-03264,EV-06,2025-07-04 17:38:05,Balcony,1,50.00,,completed
ORD-03265,EV-05,2025-07-04 17:42:28,GA,2,42.00,SUMMER25,completed
ORD-03266,EV-06,2025-07-04 17:45:17,GA,4,38.00,LASTCALL,completed
ORD-03267,EV-05,2025-07-04 18:02:31,GA,2,42.00,LASTCALL,completed
ORD-03268,EV-05,2025-07-04 18:05:13,GA,1,42.00,STUDENT10,completed
ORD-03269,EV-05,2025-07-04 18:14:45,GA,3,42.00,,completed
ORD-03270,EV-06,2025-07-04 18:16:36,Balcony,1,50.00,,completed
ORD-03271,EV-05,2025-07-04 18:17:38,Balcony,2,58.00,,completed
ORD-03272,EV-06,2025-07-04 18:19:39,Balcony,3,50.00,,completed
ORD-03273,EV-05,2025-07-04 18:20:49,GA,3,42.00,,completed
ORD-03274,EV-05,2025-07-04 18:37:46,Balcony,2,58.00,SUMMER25,completed
ORD-03275,EV-07,2025-07-04 18:39:48,GA,2,34.00,,completed
ORD-03276,EV-05,2025-07-04 18:46:45,GA,1,42.00,STREET15,completed
ORD-03277,EV-06,2025-07-04 18:49:11,GA,2,38.00,Summer25,completed
ORD-03278,EV-06,2025-07-04 18:49:30,GA,1,38.00,FINDUS,completed
ORD-03279,EV-06,2025-07-04 18:50:43,GA,2,38.00,,completed
ORD-03280,EV-06,2025-07-04 19:02:20,Balcony,1,50.00,LASTCALL,completed
ORD-03281,EV-05,2025-07-04 19:02:44,Balcony,1,58.00,,refunded
ORD-03282,EV-05,2025-07-04 19:03:06,VIP,2,95.00,FINDUS,completed
ORD-03283,EV-08,2025-07-04 19:03:42,GA,1,45.00,,completed
ORD-03284,EV-06,2025-07-04 19:06:57,GA,1,38.00,LASTCALL,completed
ORD-03285,EV-08,2025-07-04 19:07:08,GA,1,45.00,,completed
ORD-03286,EV-06,2025-07-04 19:10:21,GA,2,38.00,ENCORE,completed
ORD-03287,EV-07,2025-07-04 19:11:20,VIP,4,72.00,,completed
ORD-03288,EV-06,2025-07-04 19:12:00,GA,6,38.00,,completed
ORD-03289,EV-06,2025-07-04 19:12:17,GA,6,38.00,,completed
ORD-03290,EV-05,2025-07-04 19:13:14,GA,2,42.00,SUMMER25,completed
ORD-03291,EV-05,2025-07-04 19:13:25,Balcony,3,58.00,LASTCALL,completed
ORD-03292,EV-07,2025-07-04 19:14:45,VIP,2,72.00,,completed
ORD-03293,EV-06,2025-07-04 19:19:06,GA,2,38.00,,completed
ORD-03294,EV-08,2025-07-04 19:21:47,GA,4,45.00,,completed
ORD-03295,EV-05,2025-07-04 19:33:26,Balcony,2,58.00,,completed
ORD-03296,EV-07,2025-07-04 19:33:30,GA,2,34.00,,completed
ORD-03297,EV-07,2025-07-04 19:36:22,Balcony,2,48.00,,completed
ORD-03298,EV-06,2025-07-04 19:42:42,GA,1,38.00,,completed
ORD-03299,EV-05,2025-07-04 19:43:23,GA,1,42.00,GENREGEM,completed
ORD-03300,EV-06,2025-07-04 19:45:31,GA,2,38.00,LASTCALL,refunded
ORD-03301,EV-07,2025-07-04 19:54:17,GA,1,34.00,,completed
ORD-03302,EV-05,2025-07-04 19:54:24,Balcony,1,58.00,,completed
ORD-03303,EV-06,2025-07-04 20:01:52,Balcony,2,50.00,SUMMER25,completed
ORD-03304,EV-05,2025-07-04 20:05:00,GA,4,42.00,,completed
ORD-03305,EV-07,2025-07-04 20:08:45,Balcony,4,48.00,STREET15,refunded
ORD-03306,EV-08,2025-07-04 20:09:07,GA,2,45.00,,completed
ORD-03307,EV-05,2025-07-04 20:09:38,GA,2,42.00,,completed
ORD-03308,EV-08,2025-07-04 20:17:40,GA,2,45.00,LASTCALL,completed
ORD-03309,EV-05,2025-07-04 20:20:55,GA,4,42.00,FINDUS,completed
ORD-03310,EV-08,2025-07-04 20:21:33,GA,1,45.00,,completed
ORD-03311,EV-06,2025-07-04 20:21:43,Balcony,4,50.00,,completed
ORD-03312,EV-05,2025-07-04 20:22:47,GA,1,42.00,,completed
ORD-03313,EV-05,2025-07-04 20:23:39,GA,2,42.00,,completed
ORD-03314,EV-05,2025-07-04 20:31:01,GA,3,42.00,PLAYLOUD,refunded
ORD-03315,EV-07,2025-07-04 20:31:16,GA,1,34.00,,completed
ORD-03316,EV-06,2025-07-04 20:33:09,GA,4,38.00,,completed
ORD-03317,EV-08,2025-07-04 20:35:22,GA,1,45.00,STREET15,completed
ORD-03318,EV-06,2025-07-04 20:38:40,GA,3,38.00,,completed
ORD-03319,EV-07,2025-07-04 20:39:50,GA,5,34.00,PLAYLOUD,completed
ORD-03320,EV-05,2025-07-04 20:43:09,VIP,1,95.00,,completed
ORD-03321,EV-06,2025-07-04 20:55:08,GA,1,38.00,SUMMER25,completed
ORD-03322,EV-06,2025-07-04 20:56:01,Balcony,2,50.00,,completed
ORD-03323,EV-08,2025-07-04 20:57:58,Balcony,1,62.00,,completed
ORD-03324,EV-05,2025-07-04 20:58:17,Balcony,4,58.00,,completed
ORD-03325,EV-05,2025-07-04 21:07:50,VIP,3,95.00,,completed
ORD-03326,EV-07,2025-07-04 21:08:12,GA,5,34.00,SUMMER25,completed
ORD-03327,EV-05,2025-07-04 21:08:52,GA,2,42.00,SUMMER25,completed
ORD-03328,EV-05,2025-07-04 21:09:09,GA,3,42.00,SUMMER25,completed
ORD-03329,EV-08,2025-07-04 21:10:38,GA,2,45.00,,completed
ORD-03330,EV-05,2025-07-04 21:11:49,GA,2,42.00,,completed
ORD-03331,EV-05,2025-07-04 21:14:30,GA,2,42.00,,completed
ORD-03332,EV-06,2025-07-04 21:22:30,GA,2,38.00,GENREGEM,completed
ORD-03333,EV-05,2025-07-04 21:24:09,GA,2,42.00,FINDUS,completed
ORD-03334,EV-07,2025-07-04 21:25:37,GA,2,34.00,STUDENT10,completed
ORD-03335,EV-06,2025-07-04 21:29:42,GA,3,38.00,,completed
ORD-03336,EV-06,2025-07-04 21:46:25,GA,2,38.00,,completed
ORD-03337,EV-06,2025-07-04 21:50:36,GA,1,38.00,,completed
ORD-03338,EV-08,2025-07-04 21:52:00,GA,4,45.00,GENREGEM,completed
ORD-03339,EV-07,2025-07-04 21:53:01,GA,2,34.00,SUMMER25,completed
ORD-03340,EV-05,2025-07-04 21:55:47,GA,2,42.00,,completed
ORD-03341,EV-08,2025-07-04 21:58:52,GA,1,45.00,STUDENT10,completed
ORD-03342,EV-05,2025-07-04 22:01:28,GA,4,42.00,STREET15,completed
ORD-03343,EV-05,2025-07-04 22:04:20,GA,1,42.00,,completed
ORD-03344,EV-07,2025-07-04 22:04:27,GA,4,34.00,,completed
ORD-03345,EV-07,2025-07-04 22:23:59,VIP,2,72.00,STREET15,completed
ORD-03346,EV-06,2025-07-04 22:28:28,GA,2,38.00,FINDUS,completed
ORD-03347,EV-07,2025-07-04 22:31:24,Balcony,3,48.00,,completed
ORD-03348,EV-06,2025-07-04 22:34:11,GA,6,38.00,STREET15,completed
ORD-03349,EV-07,2025-07-04 22:35:17,VIP,1,72.00, FINDUS,completed
ORD-03350,EV-07,2025-07-04 22:39:20,GA,4,34.00,SUMMER25,completed
ORD-03351,EV-06,2025-07-04 22:41:08,GA,2,38.00,,completed
ORD-03352,EV-07,2025-07-04 22:46:52,GA,3,34.00,,completed
ORD-03353,EV-05,2025-07-04 22:47:19,VIP,2,95.00,,completed
ORD-03354,EV-05,2025-07-04 22:47:43,GA,4,42.00,VIPNIGHT,completed
ORD-03355,EV-05,2025-07-04 22:54:15,GA,1,42.00,,completed
ORD-03356,EV-05,2025-07-04 23:01:35,GA,2,42.00,SUMMER25,completed
ORD-03357,EV-07,2025-07-04 23:10:45,Balcony,4,48.00,,completed
ORD-03358,EV-05,2025-07-04 23:15:25,GA,2,42.00,GENREGEM,refunded
ORD-03359,EV-07,2025-07-04 23:16:54,GA,1,34.00,LASTCALL,refunded
ORD-03360,EV-08,2025-07-04 23:17:25,GA,2,45.00,GENREGEM ,completed
ORD-03361,EV-06,2025-07-04 23:24:10,GA,4,38.00,,completed
ORD-03362,EV-06,2025-07-04 23:25:44,GA,2,38.00,Lastcall,completed
ORD-03363,EV-05,2025-07-04 23:39:00,GA,1,42.00,LASTCALL,completed
ORD-03364,EV-05,2025-07-04 23:43:36,GA,1,42.00,,completed
ORD-03365,EV-08,2025-07-04 23:44:35,Balcony,2,62.00,,completed
ORD-03366,EV-05,2025-07-04 23:46:23,Balcony,4,58.00,LASTCALL,completed
ORD-03367,EV-07,2025-07-05 01:01:38,GA,1,34.00,STREET15,completed
ORD-03368,EV-07,2025-07-05 03:42:04,VIP,3,72.00,,completed
ORD-03369,EV-06,2025-07-05 07:00:52,GA,1,38.00,LASTCALL,completed
ORD-03370,EV-06,2025-07-05 07:16:20,Balcony,4,50.00,,completed
ORD-03371,EV-07,2025-07-05 08:01:09,GA,1,34.00,SUMMER25,completed
ORD-03372,EV-06,2025-07-05 08:12:15,GA,2,38.00,,completed
ORD-03373,EV-08,2025-07-05 08:39:19,Balcony,2,62.00,STUDENT10,completed
ORD-03374,EV-06,2025-07-05 08:53:48,GA,2,38.00,GENREGEM,completed
ORD-03375,EV-06,2025-07-05 09:07:03,GA,5,38.00,FINDUS,completed
ORD-03376,EV-06,2025-07-05 09:53:07,GA,1,38.00,,completed
ORD-03377,EV-08,2025-07-05 10:14:20,GA,2,45.00,SUMMER25,completed
ORD-03378,EV-08,2025-07-05 10:23:16,GA,2,45.00,FINDUS,completed
ORD-03379,EV-06,2025-07-05 10:29:35,GA,1,38.00,,completed
ORD-03380,EV-06,2025-07-05 10:46:58,Balcony,1,50.00,PLAYLOUD,completed
ORD-03381,EV-06,2025-07-05 10:48:27,GA,1,38.00,,completed
ORD-03382,EV-06,2025-07-05 11:03:40,GA,2,38.00,,completed
ORD-03383,EV-08,2025-07-05 11:12:08,GA,2,45.00,,completed
ORD-03384,EV-06,2025-07-05 11:33:02,GA,2,38.00,,completed
ORD-03385,EV-06,2025-07-05 12:09:36,GA,1,38.00,STUDENT10,completed
ORD-03386,EV-06,2025-07-05 12:22:30,GA,2,38.00,STREET15,completed
ORD-03387,EV-08,2025-07-05 12:30:53,Balcony,1,62.00,,completed
ORD-03388,EV-06,2025-07-05 12:34:21,GA,1,38.00,,completed
ORD-03389,EV-07,2025-07-05 12:34:30,Balcony,3,48.00,SUMMER25,completed
ORD-03390,EV-06,2025-07-05 12:56:14,Balcony,2,50.00,SUMMER25,completed
ORD-03391,EV-06,2025-07-05 12:59:39,GA,2,38.00,,completed
ORD-03392,EV-08,2025-07-05 13:11:35,GA,4,45.00,GENREGEM,completed
ORD-03393,EV-08,2025-07-05 13:21:24,VIP,1,110.00,,completed
ORD-03394,EV-08,2025-07-05 13:35:00,GA,2,45.00,SUMMER25,completed
ORD-03395,EV-07,2025-07-05 13:42:46,GA,2,34.00,SUMMER25,completed
ORD-03396,EV-07,2025-07-05 13:45:16,Balcony,4,48.00,Vipnight,completed
ORD-03397,EV-07,2025-07-05 14:06:39,VIP,2,72.00,,completed
ORD-03398,EV-06,2025-07-05 14:12:27,GA,4,38.00,,completed
ORD-03399,EV-06,2025-07-05 14:14:17,GA,2,38.00,,completed
ORD-03400,EV-06,2025-07-05 14:19:15,Balcony,6,50.00,,completed
ORD-03401,EV-08,2025-07-05 14:31:42,Balcony,3,62.00,STREET15,completed
ORD-03402,EV-07,2025-07-05 14:32:12,GA,2,34.00,,completed
ORD-03403,EV-08,2025-07-05 14:35:58,GA,6,45.00,,completed
ORD-03404,EV-07,2025-07-05 14:48:56,GA,4,34.00,PLAYLOUD,completed
ORD-03405,EV-07,2025-07-05 14:50:20,GA,1,34.00,FINDUS,completed
ORD-03406,EV-07,2025-07-05 15:01:32,GA,2,34.00,,completed
ORD-03407,EV-07,2025-07-05 15:16:23,GA,2,34.00,,completed
ORD-03408,EV-06,2025-07-05 15:26:37,GA,2,38.00,SUMMER25,completed
ORD-03409,EV-06,2025-07-05 15:29:05,GA,1,38.00,,completed
ORD-03410,EV-08,2025-07-05 15:30:01,GA,5,45.00,SUMMER25,completed
ORD-03411,EV-06,2025-07-05 15:35:35,GA,1,38.00,LASTCALL,completed
ORD-03412,EV-07,2025-07-05 15:52:34,GA,4,34.00,,completed
ORD-03413,EV-08,2025-07-05 15:58:02,GA,2,45.00,SUMMER25,completed
ORD-03414,EV-07,2025-07-05 16:19:12,VIP,2,72.00,SUMMER25,completed
ORD-03415,EV-06,2025-07-05 16:28:59,VIP,2,80.00,,completed
ORD-03416,EV-06,2025-07-05 16:39:46,GA,4,38.00,FINDUS,completed
ORD-03417,EV-06,2025-07-05 16:50:22,GA,1,38.00,,completed
ORD-03418,EV-08,2025-07-05 17:11:02,Balcony,1,62.00,,completed
ORD-03419,EV-08,2025-07-05 17:38:51,GA,1,45.00,,completed
ORD-03420,EV-06,2025-07-05 17:46:54,GA,1,38.00,,completed
ORD-03421,EV-06,2025-07-05 18:01:46,GA,4,38.00,SUMMER25,refunded
ORD-03422,EV-06,2025-07-05 18:05:59,Balcony,1,50.00,GENREGEM,refunded
ORD-03423,EV-07,2025-07-05 18:06:54,GA,2,34.00,Summer25,completed
ORD-03424,EV-08,2025-07-05 18:07:14,GA,2,45.00,,completed
ORD-03425,EV-08,2025-07-05 18:08:18,GA,1,45.00,,completed
ORD-03426,EV-08,2025-07-05 18:09:42,Balcony,1,62.00,STUDENT10,completed
ORD-03427,EV-08,2025-07-05 18:17:13,Balcony,1,62.00,,completed
ORD-03428,EV-07,2025-07-05 18:17:30,GA,2,34.00,summer25,completed
ORD-03429,EV-06,2025-07-05 18:17:36,Balcony,2,50.00,SUMMER25,completed
ORD-03430,EV-06,2025-07-05 18:27:06,GA,1,38.00,,completed
ORD-03431,EV-08,2025-07-05 18:29:23,GA,3,45.00,summer25,completed
ORD-03432,EV-06,2025-07-05 18:33:11,Balcony,2,50.00,,completed
ORD-03433,EV-06,2025-07-05 18:36:22,GA,2,38.00,,completed
ORD-03434,EV-08,2025-07-05 18:38:35,VIP,3,110.00,,completed
ORD-03435,EV-06,2025-07-05 18:38:36,Balcony,2,50.00,,completed
ORD-03436,EV-06,2025-07-05 18:45:09,Balcony,3,50.00,,completed
ORD-03437,EV-08,2025-07-05 18:46:05,GA,1,45.00,,completed
ORD-03438,EV-07,2025-07-05 19:07:09,Balcony,4,48.00,,completed
ORD-03439,EV-06,2025-07-05 19:16:58,GA,2,38.00,SUMMER25,completed
ORD-03440,EV-06,2025-07-05 19:22:34,GA,2,38.00,SUMMER25,completed
ORD-03441,EV-07,2025-07-05 19:24:14,GA,4,34.00,FINDUS,completed
ORD-03442,EV-08,2025-07-05 19:25:27,VIP,1,110.00,,completed
ORD-03443,EV-08,2025-07-05 19:26:30,Balcony,2,62.00,,completed
ORD-03444,EV-08,2025-07-05 19:26:44,VIP,3,110.00,,completed
ORD-03445,EV-08,2025-07-05 19:37:41,Balcony,4,62.00, SUMMER25,completed
ORD-03446,EV-06,2025-07-05 19:41:59,Balcony,2,50.00,LASTCALL,completed
ORD-03447,EV-07,2025-07-05 19:42:20,GA,1,34.00,GENREGEM,completed
ORD-03448,EV-06,2025-07-05 19:43:07,Balcony,2,50.00,GENREGEM,completed
ORD-03449,EV-06,2025-07-05 19:51:00,GA,1,38.00,LASTCALL,completed
ORD-03450,EV-06,2025-07-05 20:08:45,GA,1,38.00,STREET15,refunded
ORD-03451,EV-07,2025-07-05 20:09:03,GA,2,34.00,,completed
ORD-03452,EV-07,2025-07-05 20:15:58,GA,4,34.00,SUMMER25 ,completed
ORD-03453,EV-06,2025-07-05 20:17:03,VIP,1,80.00,,completed
ORD-03454,EV-08,2025-07-05 20:22:38,GA,2,45.00,,completed
ORD-03455,EV-06,2025-07-05 20:30:23,GA,2,38.00,,completed
ORD-03456,EV-08,2025-07-05 20:46:58,Balcony,2,62.00,,completed
ORD-03457,EV-08,2025-07-05 21:03:29,GA,1,45.00,SUMMER25,completed
ORD-03458,EV-07,2025-07-05 21:06:35,GA,2,34.00,,completed
ORD-03459,EV-06,2025-07-05 21:16:04,GA,2,38.00,,refunded
ORD-03460,EV-08,2025-07-05 21:23:32,GA,1,45.00,,completed
ORD-03461,EV-06,2025-07-05 21:25:46,GA,3,38.00,,completed
ORD-03462,EV-08,2025-07-05 21:30:27,GA,1,45.00,,completed
ORD-03463,EV-07,2025-07-05 21:31:48,GA,3,34.00,,completed
ORD-03464,EV-06,2025-07-05 21:46:47,GA,2,38.00,GENREGEM,completed
ORD-03465,EV-06,2025-07-05 21:49:12,GA,2,38.00,SUMMER25 ,completed
ORD-03466,EV-07,2025-07-05 21:49:46,GA,1,34.00,PLAYLOUD,completed
ORD-03467,EV-07,2025-07-05 21:49:54,GA,3,34.00,,completed
ORD-03468,EV-06,2025-07-05 21:50:48,GA,4,38.00,,refunded
ORD-03469,EV-06,2025-07-05 21:50:53,GA,2,38.00,,completed
ORD-03470,EV-08,2025-07-05 21:51:24,GA,2,45.00,,completed
ORD-03471,EV-06,2025-07-05 21:56:52,Balcony,1,50.00,,completed
ORD-03472,EV-07,2025-07-05 21:57:15,GA,1,34.00,,completed
ORD-03473,EV-07,2025-07-05 22:03:11,GA,2,34.00,,completed
ORD-03474,EV-07,2025-07-05 22:06:52,VIP,4,72.00,,completed
ORD-03475,EV-06,2025-07-05 22:11:49,GA,1,38.00,,completed
ORD-03476,EV-07,2025-07-05 22:16:11,Balcony,2,48.00,,completed
ORD-03477,EV-08,2025-07-05 22:25:37,VIP,2,110.00,GENREGEM,completed
ORD-03478,EV-06,2025-07-05 22:27:07,VIP,3,80.00,,completed
ORD-03479,EV-06,2025-07-05 22:29:57,Balcony,2,50.00,,completed
ORD-03480,EV-08,2025-07-05 22:40:57,GA,1,45.00,,completed
ORD-03481,EV-07,2025-07-05 22:43:11,VIP,1,72.00,STREET15,completed
ORD-03482,EV-07,2025-07-05 22:43:35,Balcony,5,48.00,,completed
ORD-03483,EV-06,2025-07-05 22:45:42,Balcony,3,50.00,PLAYLOUD,completed
ORD-03484,EV-06,2025-07-05 22:49:14,GA,2,38.00,SUMMER25,completed
ORD-03485,EV-06,2025-07-05 22:54:39,VIP,1,80.00,LASTCALL,completed
ORD-03486,EV-07,2025-07-05 22:56:57,VIP,2,72.00,,completed
ORD-03487,EV-06,2025-07-05 23:08:09,GA,1,38.00,STUDENT10,completed
ORD-03488,EV-08,2025-07-06 00:39:54,Balcony,1,62.00,,completed
ORD-03489,EV-08,2025-07-06 00:59:00,Balcony,4,62.00,,completed
ORD-03490,EV-07,2025-07-06 06:17:45,GA,3,34.00,PLAYLOUD,completed
ORD-03491,EV-07,2025-07-06 07:58:09,VIP,1,72.00,SUMMER25,completed
ORD-03492,EV-08,2025-07-06 08:09:50,GA,3,45.00,,completed
ORD-03493,EV-08,2025-07-06 09:01:49,VIP,2,110.00,GENREGEM,completed
ORD-03494,EV-08,2025-07-06 09:02:46,GA,3,45.00,GENREGEM,refunded
ORD-03495,EV-07,2025-07-06 10:02:10,Balcony,3,48.00, VIPNIGHT,completed
ORD-03496,EV-07,2025-07-06 10:30:05,GA,4,34.00,FINDUS,completed
ORD-03497,EV-07,2025-07-06 10:30:10,GA,2,34.00,LASTCALL,completed
ORD-03498,EV-07,2025-07-06 10:32:20,Balcony,1,48.00,,completed
ORD-03499,EV-07,2025-07-06 10:41:42,GA,1,34.00,,completed
ORD-03500,EV-08,2025-07-06 10:51:20,Balcony,5,62.00,,refunded
ORD-03501,EV-08,2025-07-06 12:00:05,GA,2,45.00,,completed
ORD-03502,EV-08,2025-07-06 12:10:15,GA,1,45.00,LASTCALL,completed
ORD-03503,EV-07,2025-07-06 12:29:42,GA,2,34.00,,completed
ORD-03504,EV-08,2025-07-06 12:37:13,GA,2,45.00,SUMMER25,completed
ORD-03505,EV-07,2025-07-06 12:52:41,GA,2,34.00,LASTCALL,completed
ORD-03506,EV-08,2025-07-06 13:01:56,GA,2,45.00,ENCORE,completed
ORD-03507,EV-08,2025-07-06 13:08:30,Balcony,2,62.00,STREET15,completed
ORD-03508,EV-07,2025-07-06 13:10:09,GA,4,34.00,,completed
ORD-03509,EV-07,2025-07-06 13:19:58,GA,3,34.00,FINDUS,completed
ORD-03510,EV-07,2025-07-06 13:27:27,GA,1,34.00,,completed
ORD-03511,EV-07,2025-07-06 13:50:50,VIP,1,72.00,,completed
ORD-03512,EV-08,2025-07-06 13:51:38,GA,2,45.00,,completed
ORD-03513,EV-07,2025-07-06 14:08:02,Balcony,1,48.00,,completed
ORD-03514,EV-07,2025-07-06 14:19:28,Balcony,2,48.00,SUMMER25,completed
ORD-03515,EV-08,2025-07-06 14:21:14,GA,3,45.00,,completed
ORD-03516,EV-08,2025-07-06 14:45:50,GA,3,45.00,,completed
ORD-03517,EV-08,2025-07-06 14:52:18,GA,4,45.00,GENREGEM,completed
ORD-03518,EV-07,2025-07-06 15:00:06,Balcony,2,48.00,,completed
ORD-03519,EV-07,2025-07-06 15:09:22,GA,3,34.00,,completed
ORD-03520,EV-07,2025-07-06 15:34:05,Balcony,4,48.00,,completed
ORD-03521,EV-08,2025-07-06 16:10:45,Balcony,1,62.00,PLAYLOUD,completed
ORD-03522,EV-08,2025-07-06 16:21:50,VIP,1,110.00,SUMMER25,completed
ORD-03523,EV-07,2025-07-06 16:54:32,GA,1,34.00,LASTCALL,completed
ORD-03524,EV-08,2025-07-06 17:01:37,Balcony,1,62.00,,completed
ORD-03525,EV-07,2025-07-06 17:07:19,GA,1,34.00,SUMMER25,completed
ORD-03526,EV-07,2025-07-06 17:10:06,GA,2,34.00,,refunded
ORD-03527,EV-08,2025-07-06 17:12:03,GA,4,45.00,,completed
ORD-03528,EV-07,2025-07-06 17:36:59,Balcony,3,48.00,LASTCALL,completed
ORD-03529,EV-07,2025-07-06 18:10:10,Balcony,3,48.00,SUMMER25,completed
ORD-03530,EV-07,2025-07-06 18:10:53,GA,2,34.00,,completed
ORD-03531,EV-07,2025-07-06 18:11:16,Balcony,1,48.00,,completed
ORD-03532,EV-07,2025-07-06 18:18:53,Balcony,3,48.00,SUMMER25,completed
ORD-03533,EV-07,2025-07-06 18:44:08,Balcony,2,48.00,,completed
ORD-03534,EV-07,2025-07-06 18:50:19,GA,2,34.00,STREET15,completed
ORD-03535,EV-08,2025-07-06 18:52:56,GA,2,45.00,,refunded
ORD-03536,EV-07,2025-07-06 18:55:06,GA,3,34.00,LASTCALL,completed
ORD-03537,EV-07,2025-07-06 19:06:32,GA,2,34.00,SUMMER25,refunded
ORD-03538,EV-07,2025-07-06 19:07:04,GA,2,34.00,,completed
ORD-03539,EV-07,2025-07-06 19:14:59,GA,2,34.00,FINDUS,completed
ORD-03540,EV-07,2025-07-06 19:16:56,Balcony,1,48.00,SUMMER25,completed
ORD-03541,EV-07,2025-07-06 19:17:34,GA,2,34.00,FINDUS,completed
ORD-03542,EV-08,2025-07-06 19:43:08,GA,2,45.00,SUMMER25,completed
ORD-03543,EV-08,2025-07-06 19:45:39,GA,2,45.00,STREET15,completed
ORD-03544,EV-08,2025-07-06 19:50:56,Balcony,3,62.00,,completed
ORD-03545,EV-07,2025-07-06 19:52:34,GA,2,34.00,GENREGEM,completed
ORD-03546,EV-07,2025-07-06 20:16:41,GA,1,34.00,,completed
ORD-03547,EV-07,2025-07-06 20:20:11,GA,1,34.00,GENREGEM,refunded
ORD-03548,EV-07,2025-07-06 20:20:12,GA,3,34.00,,completed
ORD-03549,EV-08,2025-07-06 20:29:08,Balcony,1,62.00,,completed
ORD-03550,EV-08,2025-07-06 20:31:47,GA,4,45.00,SUMMER25,completed
ORD-03551,EV-07,2025-07-06 20:40:09,GA,2,34.00, SUMMER25,completed
ORD-03552,EV-08,2025-07-06 20:52:39,VIP,1,110.00,,completed
ORD-03553,EV-07,2025-07-06 21:07:38,GA,4,34.00,SUMMER25,completed
ORD-03554,EV-07,2025-07-06 21:09:49,GA,2,34.00,,completed
ORD-03555,EV-07,2025-07-06 21:13:11,GA,1,34.00,,completed
ORD-03556,EV-07,2025-07-06 21:14:01,GA,2,34.00,,completed
ORD-03557,EV-08,2025-07-06 21:16:09,Balcony,2,62.00,,completed
ORD-03558,EV-08,2025-07-06 21:16:15,Balcony,6,62.00,,completed
ORD-03559,EV-08,2025-07-06 21:27:16,GA,3,45.00,PLAYLOUD,completed
ORD-03560,EV-07,2025-07-06 21:31:53,GA,1,34.00,,completed
ORD-03561,EV-08,2025-07-06 21:31:59,GA,1,45.00,STREET15,completed
ORD-03562,EV-08,2025-07-06 21:44:02,Balcony,1,62.00,,completed
ORD-03563,EV-07,2025-07-06 21:48:51,VIP,2,72.00,SUMMER25,completed
ORD-03564,EV-07,2025-07-06 21:50:04,Balcony,1,48.00,PLAYLOUD,completed
ORD-03565,EV-08,2025-07-06 21:58:59,GA,2,45.00,GENREGEM,completed
ORD-03566,EV-07,2025-07-06 21:59:52,GA,1,34.00,STUDENT10,completed
ORD-03567,EV-07,2025-07-06 22:11:19,GA,3,34.00,GENREGEM,completed
ORD-03568,EV-07,2025-07-06 22:21:48,GA,4,34.00,,completed
ORD-03569,EV-07,2025-07-06 22:24:09,Balcony,2,48.00,,refunded
ORD-03570,EV-08,2025-07-06 22:26:19,VIP,2,110.00,,completed
ORD-03571,EV-07,2025-07-06 22:31:10,Balcony,1,48.00,SUMMER25,completed
ORD-03572,EV-07,2025-07-06 22:33:50,Balcony,2,48.00,,completed
ORD-03573,EV-08,2025-07-06 22:37:59,GA,1,45.00, SUMMER25,completed
ORD-03574,EV-07,2025-07-06 22:50:50,VIP,4,72.00,,completed
ORD-03575,EV-07,2025-07-06 23:06:05,GA,3,34.00,,completed
ORD-03576,EV-07,2025-07-06 23:29:11,GA,1,34.00,GENREGEM,completed
ORD-03577,EV-08,2025-07-06 23:33:59,GA,2,45.00,summer25,completed
ORD-03578,EV-08,2025-07-07 09:34:01,GA,4,45.00,lastcall,completed
ORD-03579,EV-08,2025-07-07 10:11:22,GA,1,45.00,GENREGEM,completed
ORD-03580,EV-08,2025-07-07 10:29:03,Balcony,2,62.00,LASTCALL,completed
ORD-03581,EV-08,2025-07-07 10:42:45,Balcony,3,62.00,PLAYLOUD,refunded
ORD-03582,EV-08,2025-07-07 12:37:33,Balcony,6,62.00,PLAYLOUD,completed
ORD-03583,EV-08,2025-07-07 13:11:01,Balcony,4,62.00,,completed
ORD-03584,EV-08,2025-07-07 13:43:31,GA,2,45.00,,completed
ORD-03585,EV-08,2025-07-07 14:01:48,GA,1,45.00,,completed
ORD-03586,EV-08,2025-07-07 14:30:28,GA,2,45.00,,completed
ORD-03587,EV-08,2025-07-07 15:11:02,Balcony,2,62.00,ENCORE,completed
ORD-03588,EV-08,2025-07-07 15:17:51,GA,6,45.00,,completed
ORD-03589,EV-08,2025-07-07 15:47:07,GA,3,45.00,,completed
ORD-03590,EV-08,2025-07-07 16:44:48,GA,3,45.00,LASTCALL,completed
ORD-03591,EV-08,2025-07-07 16:45:34,GA,2,45.00,,completed
ORD-03592,EV-08,2025-07-07 17:17:15,VIP,2,110.00,GENREGEM,completed
ORD-03593,EV-08,2025-07-07 17:47:34,VIP,2,110.00,,completed
ORD-03594,EV-08,2025-07-07 18:09:34,GA,2,45.00,FINDUS,completed
ORD-03595,EV-08,2025-07-07 18:10:20,GA,5,45.00,LASTCALL,completed
ORD-03596,EV-08,2025-07-07 18:13:29,GA,2,45.00,,completed
ORD-03597,EV-08,2025-07-07 18:34:41,GA,1,45.00,,completed
ORD-03598,EV-08,2025-07-07 18:58:34,GA,1,45.00,PLAYLOUD,completed
ORD-03599,EV-08,2025-07-07 19:01:05,Balcony,2,62.00,GENREGEM,completed
ORD-03600,EV-08,2025-07-07 19:14:10,GA,1,45.00,FINDUS,completed
ORD-03601,EV-08,2025-07-07 19:14:48,GA,1,45.00,,completed
ORD-03602,EV-08,2025-07-07 19:55:25,GA,2,45.00,GENREGEM,completed
ORD-03603,EV-08,2025-07-07 20:06:35,GA,6,45.00,,completed
ORD-03604,EV-08,2025-07-07 20:07:38,GA,5,45.00,,completed
ORD-03605,EV-08,2025-07-07 20:16:55,Balcony,1,62.00,LASTCALL,completed
ORD-03606,EV-08,2025-07-07 20:21:52,GA,2,45.00,,completed
ORD-03607,EV-08,2025-07-07 20:27:00,GA,3,45.00,GENREGEM,completed
ORD-03608,EV-08,2025-07-07 20:30:42,Balcony,3,62.00,,completed
ORD-03609,EV-08,2025-07-07 21:03:28,Balcony,3,62.00,,completed
ORD-03610,EV-08,2025-07-07 21:12:50,Balcony,3,62.00,GENREGEM,completed
ORD-03611,EV-08,2025-07-07 21:19:28,Balcony,2,62.00,,completed
ORD-03612,EV-08,2025-07-07 21:23:07,GA,1,45.00,,completed
ORD-03613,EV-08,2025-07-07 21:43:43,Balcony,1,62.00,FINDUS,completed
ORD-03614,EV-08,2025-07-07 21:48:27,GA,2,45.00,LASTCALL,completed
ORD-03615,EV-08,2025-07-07 21:56:27,Balcony,2,62.00,,completed
ORD-03616,EV-08,2025-07-07 22:37:32,GA,2,45.00,,refunded
ORD-03617,EV-08,2025-07-07 23:22:43,VIP,3,110.00,summer25,completed
ORD-03618,EV-08,2025-07-07 23:23:25,Balcony,4,62.00,LASTCALL,completed
